"","X1","X2","X3","X4","X5","X6","X7","X8","X9","X10","X11"
"1",-0.0131678381833783,0.00627744376957672,0.0129563436194326,0.0106430646110302,-0.028652805597924,-0.007077949557883,0.0091006654269329,-0.0093573748892784,0.00149400282456019,-0.00190750788032212,-0.0172980357050903
"2",0.0134617410507368,0.00617201316041837,-0.00734070678369882,0.00547385197968637,-0.00101646843133893,0.0136516308758998,0.00599828681590823,0.00448000057016981,-0.0122211008365486,0.00696185914347917,-0.00264107616762981
"3",0.00168148823950803,-0.000550676993367246,-0.0012805791694518,0.00415478985415039,0.00289785769697394,-0.00159066308630129,0.000491015111252827,-0.00168035973137741,-0.00276185760529044,-0.00635783311864033,-0.000475056575946003
"4",0.0139064516301475,0.000413985747764935,-0.0168736914057671,0.00586651058176851,0.0090423678000876,-0.000699638765626376,0.00171901180640957,-0.000217323667395745,0.00589980413870824,-0.000836084105793099,0.0145127204112394
"5",-0.00849423329775451,0.0107074117500641,0.0141681885109236,0.00944996091834027,0.0324047673234198,0.0152928194217661,-0.00419064823188706,0.0111245677987144,0.00122284024117667,0.008129960033985,-0.00293710237411795
"6",-0.0145822673083493,-0.00786974501117507,0.00586068150305021,0.0035421212432526,0.00523694622728556,-0.00778391776615827,-0.00338828515599462,-0.00437293694002775,0.013355141502114,0.000630494548078238,-0.00118897410981527
"7",0.0135140343779977,0.00772116629237492,0.00628399599366313,0.00933001882750583,0.000872370403353539,-0.00417849749027227,-0.00905890772044573,-0.00107799876660245,-0.0214608376914561,0.00730671523955956,0.00615752520928071
"8",0.0225839779347182,-0.0258227698813243,-0.0600302710522769,-0.022836881122558,0.0503330457229757,-0.0196972908734708,0.00678493559093833,-0.00640443538248386,0.0255817553139479,-0.0251670763812865,0.0370106862499863
"9",-0.0277035659717688,-0.0234342941516585,-0.000810419638326618,0.0840019120946432,-0.0274797356201072,-0.0486259079574341,-0.0252095847018484,-0.0403081909194244,0.0526278514832436,-0.0467698223093231,0.00482440296537288
"10",0.00251273072441011,0.00807241576186311,0.0109601130794129,-0.00782519007148197,-0.0126293717259396,0.00541416432851709,-0.0134974347527497,-0.00196581404573945,-0.0297159681723536,0.00109578807796121,-0.00979117672076821
"11",-0.00494957998805055,-0.000602719385467401,0.0142723935361077,0.0135765112915683,-0.00388137777305877,0.0107060551418351,0.00470956368784133,-0.00014357568157383,0.00159643238728524,0.00653213864303393,0.00387961308153951
"12",0.00420873300478621,0.003146425019172,-0.00124467214347185,-0.00385075257846031,0.000264253303440682,0.0009762290113429,0.0037408990856988,0.00223760477883285,-0.0105276028444827,0.00221880160820713,-0.00146150863813644
"13",-0.0143305403169227,-0.00883173376776099,0.0119873762143528,-0.00635470326208267,-0.00401719813071282,-0.0128780030420026,0.0257209003551902,-0.00691671671940061,-0.0169979752783026,-0.0225505050593466,-0.026718849080788
"14",0.00316875139460365,0.00771876928841158,0.00203932584249436,-0.00458432269384761,0.00294369655362371,0.00538754386628205,0.00641152362996079,0.00603753959286618,-0.00798250641160826,0.00284217552221361,0.00848430266068662
"15",-0.0132022943165684,-0.00328326204504278,0.0117936940017425,-7.56435098870384e-05,-0.0078434461958878,-0.00894041263515698,0.0148393767381616,-0.00568144663247074,-0.00601568967208503,-0.0155111460999663,-0.0137043977851971
"16",0.00853116643320037,0.00270296772783082,-0.00405439107664795,-0.00188239741340966,-0.00680555885459957,0.00372917593748213,-0.00387140542056174,0.00544812073756674,-0.00767653190872831,-0.00348893150360426,-0.00188147889749832
"17",-0.00140894396309495,0.00796838926942163,0.00558229104483117,-0.00312727574933828,-0.0044128223813506,0.000374245721697044,-0.000150424610445374,0.00483733577354758,-0.00162280780294308,0.0176761910700046,-0.00932977915495485
"18",0.0260483228019349,-0.00533606042638643,-0.0459167349116642,0.00264711993378422,0.0422491031098244,-0.00215161198524961,-0.0139747413693278,0.000538979637657997,0.0126797284827493,-0.0072836224815368,0.02698554141409
"19",-0.0240187503792443,-0.0111108681841129,0.0115930315756248,0.00661073830636323,0.0106028954696807,-0.00920765656476075,0.00528803329345959,-0.0104954563018762,0.0205075590685168,-0.00216402067765134,-0.000786670157160987
"20",0.0124789727123149,0.0152202121800858,-0.00325736197151358,0.00523010569413083,-0.0260279311277027,0.0074581557961925,0.00899754126422843,0.0168353419464412,-0.0174873822545214,0.0127286880430949,-0.00715680822357154
"21",-0.0347106936384046,-0.0245378574991863,0.0185234674902203,0.0168135144693449,0.0193939219613355,0.0306409944380642,-0.0138507310317126,0.0120366908838584,0.00414194913784371,0.0131472553233247,0.0146875576057761
"22",0.00692709612731313,0.00604229353540837,-0.00895704974472416,-0.00537134541534265,-0.00152648586851023,-0.00114353761364876,-0.00423558175934015,0.00868048713196685,-0.00157765349346742,0.00837224976200349,0.0049304220750596
"23",-0.00136472906974975,0.0123137475723847,0.00505824491566549,-0.0039585276224019,-0.00439084689884561,0.00178442332420878,0.0155170961632252,0.00454761476586308,-0.00660552821500135,0.00113738127122288,-0.0161181830763089
"24",-0.0452587032884112,-0.0673124360582235,0.0215857247555729,-0.0543654167057126,0.043306560530625,0.0157108314315454,-0.0353257845154341,-0.0172342853350118,0.0257835838573976,-0.000668658430891609,0.0381756134593148
"25",0.00172436529780018,-0.00231639715466247,-0.00083389721443548,-0.000796688139259758,-0.00609031607357825,-0.00363672797801736,0.00070200791549504,-0.00211158020175868,-0.00367780372156723,-0.00108856784062853,-0.00830854795432563
"26",-0.0024676299944783,-0.00431502907540953,-0.000201720804566898,-0.00630295075349917,-0.00742615068185016,-0.0102158841417656,-0.00187952815567015,-0.00747533753634592,0.00230976522208525,-0.00161208790455082,-0.0040284100672338
"27",0.0101856252168067,0.0120152946208292,-0.00259403901170795,0.0242414002498096,-0.00651082790881133,0.0158429068183096,5.21936500394147e-05,0.000744204796972315,0.0044535662001921,0.010904242773901,0.00237568422248171
"28",0.0166948881200087,0.00981938780228701,-0.00897658766777415,-0.00406868456836221,-0.00334646826632046,0.00458411824520004,-0.000340179011861342,8.47218540031858e-05,-0.0136189483760346,0.00309915148916777,0.00122943844348568
"29",0.00590622606239227,0.000688941081204114,-0.00969733803263069,-0.00255012953433187,0.00348494313317378,-0.0061304640634803,-0.00447458841873643,-0.00587933016718477,0.00341933981179201,-0.0077092830383931,0.00255011908899063
"30",-0.00923040429200227,-0.00143770266532933,0.00682470915947549,-0.00462259299035076,-0.00769034499978269,0.000892296038355198,0.0078290513769686,0.0020387962755641,0.00584379666458154,0.00587734055336124,-0.00537743200741264
"31",-0.0198173967423948,-0.0422636884762612,-0.00750636258995612,-0.0454350061609519,-0.000730212160572179,-0.0323194129841557,-0.0366206489044188,-0.0309193540925692,0.0302452554778676,-0.0300441190290602,0.0139600974598151
"32",0.0259735672267352,0.0278424561518801,-0.00791857757012773,0.00246719542918065,-0.00973996268342221,-0.00736739458825871,-0.00771550611015792,-0.00365980861489819,-0.0165363235952265,-0.000231250571368306,-0.0110545199338319
"33",0.0080694931821909,0.00738676086187702,-0.00110981765955011,-0.00135642382247043,0.0176259554703613,0.0032253363044413,0.0116335448820488,-0.000918351780720375,-0.00640437524646784,-0.017662671274562,-0.00892288668997273
"34",0.000373939357097969,-0.00907659854246258,-0.00511218846142128,0.00785851220113543,0.00611735454516433,-0.0119018990954321,-0.00264519873941374,-0.015528314256417,0.014460505798801,-0.0151150400904811,0.00597869329218802
"35",0.0116793199799438,-0.00352661624472484,-0.00982896871463438,0.00990462566711738,0.000509261088923609,-0.00121256933949773,-0.00183657885672117,-0.00596300549358357,0.0032092812604673,-0.00757981459928147,0.00534820959146373
"36",0.0160090312622159,0.00856489512260002,-0.00752041823042762,0.00160971172036386,-0.00271101237074328,0.00978654171250469,0.00452168510828024,0.00418228040996405,-0.00854354350346066,0.000820361535717138,0.00177019489144061
"37",-0.00420779751187222,-0.00320705657148486,0.00101812363866104,0.00276377755065804,-0.0061637238208368,-0.00415800772823852,0.00128560996636566,-0.00568003429604615,0.0058723936910043,0.0019162772348832,0.00032097567947043
"38",-0.0076233736979733,0.00831696732435425,0.0163422505007718,-0.0016965761214949,-0.0184416163084323,0.00260924008968251,0.00999620959794878,0.00232557892356526,-0.00768398420208431,0.00430366345949384,-0.010730340382442
"39",-0.00650390823793595,-0.00305152718707549,0.00768639618833528,-0.00132377357909981,-0.00932041988603454,-0.00842182106699731,0.00325867905213536,-0.00674821898044671,0.00193479132133366,-0.011757545056544,-0.0013325330841774
"40",0.00501507464883693,-0.00562446411402205,-0.00881032839435395,0.000254520184163464,0.00722397754668724,-0.000212241060782138,-0.00582529678285418,-0.000358226071463007,0.000782167588474125,-0.00175770385184969,0.00932233255030685
"41",0.0110269128902978,-0.0246443322758422,-0.049194918064823,0.0207897938263799,0.0467596107330624,0.00439858952412802,-0.0396193177375805,-0.0141138576579792,0.0211590538269298,-7.7634601552516e-05,0.0258967423318513
"42",-0.0153665495461708,-0.0123937769491972,0.0108706709163964,-0.000476896552123255,0.00448092505925888,-0.0111054325397939,-0.0116976284701992,-0.0100037434945286,0.00488685092421073,-0.00264323410783789,0.00070759815899042
"43",-0.0138232210860314,0.00756125765344054,0.0199309872174324,-0.00191487338500766,-0.00971490505187908,0.0151897096745241,0.0123513453639885,0.0054876938489469,-0.00560365246354536,0.0210176940073451,-0.00686192659610283
"44",0.00177648306191232,-0.00601783844777733,0.00235018082269239,0.00722291486143421,-0.00784451968984355,0.00527192498659093,0.00478573810339457,0.00182147681439317,-0.0074058420186503,0.00777234669931659,0.000148719413574678
"45",-0.0128086439283674,-0.0104346763534925,-0.00446582939985435,0.0112810874804589,0.0191569495441585,-0.00455112636769744,0.0147249287596604,-0.00558597838033146,0.0505256903850132,0.0205407708746661,-0.000127261658074123
"46",0.013050668681973,0.00224381052834787,-0.00903547630443885,-0.000428698246171016,-0.0103183111524672,0.00431526015509959,-0.00635855270475004,0.0023778079491664,-0.00873140731754399,-0.00402455785655654,0.000952788021509578
"47",-9.51093729316878e-05,-0.00588826180448484,-0.00499057204796474,-0.00774891956554464,-0.0021276516806545,-0.0035166441225422,0.00416230481884951,-0.00887964527596341,0.00284636827962286,-0.00191288616088725,0.000373804006380273
"48",0.00418910115358541,-0.0019703183206282,-0.00194067861313719,-0.00211316717153665,-0.00453535038391186,0.00265683720192682,0.00330665582663408,-0.00156153286560448,-0.00029171939984185,-0.00237152063596638,-0.00157228485844859
"49",0.0166706963552806,-0.0053123933927548,-0.0156946477080927,0.00604670179294189,0.0201865333056717,0.0114124730806399,-0.0234168893562031,0.00347648398929623,-0.0374399886270637,-0.0170639456322322,0.0176860905621185
"50",0.00288634830565351,0.00536882694148137,-0.00568776161051197,-0.00426640926080482,0.0173054396327272,-0.000124917640319726,0.00628057071900815,-0.0011637494037199,0.0141352813430706,-0.0146621099986408,-0.0162820432343776
"51",0.0212994627093116,0.00960446048741971,-0.0133301701460616,-0.0218079640690738,-0.00337674607314892,-0.00395706019500385,0.00217914768128272,0.0239249385984084,-0.0158613532194055,-0.0399942929634565,-0.00649066219501032
"52",-0.0182514363769041,-0.0155224823358946,0.00178521589200639,-0.00257274425132135,0.00653402825640488,-0.0124499151260355,-0.00804824793003668,-0.00708763316257206,0.0163416136763301,-0.00525833095051668,-0.000742593445920498
"53",-0.0133619008036338,-0.00730628376201872,0.00421071087955671,-0.00191318630871214,0.00556853445519167,-0.0102661996838802,-0.00659221513609875,-0.00836807723187112,0.0115005449648728,-0.00497152460920438,0.00133606536250245
"54",0.0111060400372149,-0.000500982866099946,-0.0116969810339732,0.00424047309129872,0.00119787048215414,-0.0020668336941702,0.00147966754863117,-0.00413267628788197,0.00309537082757552,-0.0112547117565519,0.00458893345687855
"55",0.0257686098288008,0.00704241244534644,-0.0132732130766086,0.00347023068864025,-0.00375337811888846,0.00493673748516538,0.00175454329502448,-0.00150648582222509,-0.0139912922791367,0.00185783828461727,-0.00269211892460922
"56",0.0137110477867647,0.0115173626619487,-0.00701042976987096,0.0011212994622679,0.00353715434003273,0.00095954759805264,-0.00399853789206292,-0.00262080309540784,-0.00846427278612162,-0.00262302034144495,0.00143489619200338
"57",-0.00412455684153688,0.000534765280551451,0.00561888167013685,-0.00301463834323154,0.000471040727083873,-0.000615578116366505,0.0055652279541347,0.000824984940125245,-0.00484034806397083,0.0115685774427759,-0.0096891521335465
"58",-0.00337112636675148,-0.00616927828196953,0.00160386120522678,0.00273086223845545,-0.00303760092562023,0.00126180812263779,-0.00484435426439156,-3.1673751065338e-05,0.00430074842712872,0.00488743325112611,-0.001921171663189
"59",-0.00551227601637385,0.00710845069368663,-0.000544593869731065,-0.00226868391134354,0.0477824261522035,0.00306356608252407,0.00934430929590931,0.00466618241786425,0.0245092534169377,-0.0104551713905168,-0.0374525723367073
"60",0.0152625522993918,-0.00112174623618302,-0.0114514686946972,0.0023528551134244,0.0033370433633702,-0.0015017244925115,-0.00826836036994415,-0.00510110414085614,-0.00711759399456339,-0.0168610500976128,0.00175110828344096
"61",-0.0055248245092584,0.00662108587577007,0.00873427270836988,0.00289802365436617,-0.00868821188188858,0.00966081008511751,0.0035850031711379,0.00962344708814274,-0.00491010424223506,0.0205027960291744,-0.00832547222763623
"62",-0.0167440963228153,-0.0120966227794941,0.00501083993510347,0.0044623300378463,-0.00401028626243902,-0.0108747545141151,-0.00685786631625118,-0.0146548331663482,-0.00196548203836276,0.000917995375704969,0.00512364921323773
"63",-0.0010793785033837,-0.000131721413291064,0.00321011213399538,-5.52359759004503e-05,0.00377550546656498,0.00947164444659665,0.00639380746610657,0.00997568547490122,-0.00217760690315927,0.00946200616498497,-0.00545419887669779
"64",-0.00581189690562755,0.0161717563349594,0.00960717912485313,-0.00474432179463456,-0.00884826464609359,0.0105864842200032,0.00252985904089516,0.00986467463462655,-0.00887889218475903,0.0229326517694521,-0.0137090183663127
"65",0.0277938852581688,0.019107354540654,-0.00746131254282645,0.0217620657408063,-0.00623515346058769,0.0138823907777514,0.00674042952258648,0.011884074412942,-0.0320134136748117,-0.00567355550484319,0.00420368906333667
"66",0.0174489246283935,0.00485407424491443,-0.0100770749196726,-0.00318754243258255,0.00486559708247361,0.000632314227357488,8.36416390075559e-05,0.00145386883683421,-0.00390559302352992,0.00220498151486352,0.00176330177718492
"67",-0.0182779908507735,-0.00515788166821031,0.00973772665658696,0.0288309684077119,0.00678890857269643,-0.0056654406733186,-0.010655336335955,-0.0444406189050103,0.0166125106784693,0.0638784759092272,0.0128590768182803
"68",-0.025373356157717,-0.019078403560741,0.0119997680528287,-0.00557409979063794,-0.00052094396207235,-0.00972622560793918,-0.00456429726180098,-0.0109897681933554,0.0165169651117936,-0.00196263645490151,0.00195669209160327
"69",0.0214833472285364,0.0123637952100761,-0.0147271896587118,0.00853968093624573,0.00320069613646757,0.00452956030101872,0.00375217281363114,0.00947778195531811,-0.0103760060163065,-0.00403392439065856,-0.00140997605975035
"70",0.000428788270849253,-0.00311231795438519,-0.0124332121404449,0.0014871718851342,-0.00116298481094896,-0.00178706782652689,-0.00472918633545511,0.00639376805274279,0.00263191323039195,-0.00128497061747056,0.0117002208503659
"71",-0.00357553021242926,0.0146681358021656,0.00961457064188359,0.00472175504213325,-0.0108874445691746,0.0138384802688554,0.0057398201637475,0.0185901217134777,-0.00979768912029448,0.0175321535696824,-0.0126891558159132
"72",-0.0195455412755286,-0.0104830422123798,0.0092452888022093,0.00526325350775273,0.00474413031207697,-0.00973372171538645,0.00670612489233333,-0.00342005394509315,0.0228391724900869,0.00647449897158241,-0.000638829107593391
"73",-0.0162327413297955,-0.00396133413475589,0.0121189943907094,0.0100486237136759,0.0103922035698131,-0.00228867070831123,-0.00572466096613394,0.0106572048384491,0.00148313399059424,0.00754792063059927,0.00886016894934758
"74",-0.00232549377616913,0.00156597975903695,0.00405917278894792,-0.000422156883812938,0.000150724560959904,0.00793709267387035,0.00332874021390417,0.00717122971517415,-0.000146499694057872,0.00711091365814088,-0.00541460293046887
"75",0.0107823084806606,-0.00799654736194884,-0.0118889248818936,-0.00373843147698525,-0.00186569030668195,-0.00785284633688679,0.00541404603779048,-0.00723049330512933,0.00701705036813703,-0.00880444898674083,0.00218381947290029
"76",0.0146142348062811,0.00369157554807414,-0.00748483308549129,-0.00612132989050288,-0.00664043925508418,0.000317306094208661,-0.00524302089414461,-0.00766532805967818,-0.0121810450069073,-0.00666547826538552,0.00070167321366704
"77",-0.0281755384684862,-0.0163383659579934,0.0254881920353199,0.0335353371671348,0.00149884690213062,0.0280143973903754,0.022138290550215,0.00505780603694272,0.0142662901142595,0.0109755839794363,0.0135205719516235
"78",-0.00649772585385241,-0.000185339406997992,0.00782140133638135,-0.00370505171543631,-0.00336614321367518,0.00453558294621609,0.00995914700992484,0.00482825258893313,-0.000260234973623961,0.0150630357808771,-0.00494649121110271
"79",0.0109015621242253,0.00310776676031392,-0.0105828501016917,0.000554797366916739,0.00319379736396401,0.00233693924325896,0.00493612076710552,-0.005274889236861,-0.00422953638887089,-0.0119896219368522,0.00522767276251888
"80",-0.0100547737442932,-0.00972895624004698,0.00442947837526076,0.0140119699844325,-0.00483938809554077,-0.00237018976357645,-0.000639455655652686,0.000121469223911242,0.0137082900691279,0.00406312544790579,0.000485341725517102
"81",-0.014591105246726,-0.0101846212423147,0.00500395549651623,0.0037442099366199,0.00417460274077653,-0.00384925180764942,-0.00728009859644661,-0.00590121938744259,0.0113314947824168,0.00275654252032949,0.00777221596456245
"82",0.0170625528696862,0.00843481080227821,-0.00895112485703556,-0.00137450932239277,-0.00615515819239911,0.00552819621089447,-0.000301518031598608,0.00162388993047949,-0.0183088511918131,-0.00695780459708835,-0.00373303801833896
"83",-0.0130381968593715,-0.0114001064259059,0.00843006545035897,-0.00920356463034576,4.64186651790538e-05,-0.000647324799349062,-0.00141680599700905,-0.00121533475251424,0.00933294714084439,0.00102431982449085,0.000999561991233957
"84",-0.00819525750028118,0.052134267497682,0.00381429815347636,0.00606099009236489,-0.00242351174337819,-0.0107433421996104,0.0638239906987689,-0.00978593516367733,0.124269550896033,-0.01769242895936,-0.0520832102826553
"85",-0.0279211920045366,-0.0272896740073583,0.017569300590811,-0.0388869903685959,-0.00396511743575112,0.00740399624506759,-0.0042615253069086,-0.000937730443926217,0.0064617763203729,0.0192108972540231,-0.00394954094130514
"86",-0.011506494745742,-0.0162007271455344,0.00146891692036466,-0.000542317477736713,0.00898349674227698,-0.00596974868921495,-0.00450203161799195,-0.00715763404492476,0.010986609279068,-0.00626887105050777,0.00445076873365902
"87",0.00318566122485249,0.00300109104026492,-0.00334334053222369,-0.000394831297426341,0.00285127777924455,0.0015407629318,0.00480461740124375,0.00444401249482278,-0.000518287049251371,-0.000268254738336943,0.000846082144791616
"88",-0.00821190697512639,0.0052569414758667,0.0117987094049011,0.00338103399816867,0.00519514473613715,0.0100455924653052,-0.00683683674399478,0.00685289174862834,-0.013540983438157,0.00939767122746638,-0.00727614427310191
"89",0.0146629634708113,-0.0196331649685137,-0.0146876240361387,-0.00605109504319472,0.0189537322531077,-0.00218492370590356,-0.01500529097002,0.0183528944418667,0.00633586560062991,-0.00678195294246283,0.0123173516639767
"90",-0.0155511721300634,-0.00933449414524342,0.00668883360223426,-0.0043949630516784,-0.000143387498313446,-0.00909986626455462,-0.00503096480327513,-0.00618050488998229,0.0137361050115918,-0.00205685752689563,0.00137105161317088
"91",-0.00771703709446478,-0.00467635296858495,0.012496802284894,-0.000210234776789357,-0.00917498301355862,-0.00301008248968704,-0.00217915583846512,-0.00516257330480304,-0.00227608672746345,0.00352640560129039,0.00908279966269533
"92",0.00624780297148559,0.00157806616951245,-0.00647526338368988,0.00659488069497584,0.00149461967132887,-0.00281140946657168,0.0157102171704341,-0.00806529683862709,0.00693096028713124,-0.0138294841750515,-0.00270455124874785
"93",0.000733121391883989,-0.00548179440478157,0.0028208469216472,-0.00831272448714523,0.00244631747123003,0.00394404676671039,0.00154874481818442,-0.000625060776692998,-0.0155910714264775,0.0106933723089481,0.00434194099566114
"94",-0.0173359278042668,-0.0187565212898475,0.00282899863489763,0.00168061812228932,0.00990143137527891,-0.0140646466516338,-0.00232055709519115,-0.00997932319424344,0.0163025581618164,-0.00757056230400384,0.00794135923741113
"95",-0.0018466490912801,0.000281163041082507,0.00039569700082996,0.00729279096912021,-0.0106799956074807,-0.00294765652559726,-0.00369536270589582,-0.00210769594421603,0.00106829389794322,-0.00372448720458897,-0.00553077402433211
"96",0.00347178892508142,-0.00530620908965043,-0.00769077596042055,0.00487802894581268,0.00731809713420651,0.00253474656564204,-0.00114147020068914,-0.00669606468269371,0.00673796677021755,-0.00934405781422499,0.00530123656370658
"97",-0.0213864724166001,0.0198256798384714,0.0153929042178932,0.00235567230200644,-0.00302403607082599,0.0222491957168987,-0.00423355837008325,0.0334974972641417,-0.00830274446665655,0.0293608193318499,-0.0250987599132722
"98",0.0144668233232201,0.00515824170923013,-0.00795761935437275,0.00222798753691921,0.000129409052116183,0.00792373180120509,0.00187439127222732,0.00204713638772777,-0.00895801666102658,0.0027897712198153,-0.000459471011931573
"99",0.0101177347613173,-0.00448648468503896,-0.0116016158026513,0.00517731340225509,-0.00123485336807762,-0.00797038472787715,-0.000967976153100789,-0.0131238808308633,0.00531206241638783,-0.0246456032685685,0.00272266331049868
"100",0.00355017806567262,-0.00637012757847838,-0.00405668632673481,-0.0039518444620195,0.00283237461564582,-0.00972217194198358,-0.0049227658738814,-0.00481500566768146,-1.19723455983917e-05,-0.0115710616212687,-0.00664414650643782
"101",-0.004207829074565,0.00391503783015605,0.00541474368363681,-0.0116378907447836,-4.9972193704763e-05,-0.00266298768948926,0.000136707454051913,0.000577752777540193,-0.00115925937791679,-0.00329925370173927,0.00123635507395905
"102",0.0122416449358541,0.000263459533442731,-0.00673079250376675,0.00526843152976163,-0.003629203856027,0.00358769850521612,-0.000264973714336559,0.00266865143780594,-0.0101573499344379,-0.00639741367714959,0.00366165163420161
"103",-0.00807154346188286,0.00656547449193075,0.0103725524429875,-0.00505180678966083,-0.00282082178726776,0.00756755817130066,0.00405573338353122,0.00717204303538887,0.00564810313572376,0.0131727403743632,-0.00206848593178396
"104",0.0118985472303445,-0.000774346090760861,-0.00660272480227259,0.000789549041305814,-0.00595164609483223,0.00673674637433765,0.00447560200195203,0.00651101799547502,-0.00972988658307697,-0.00614701030890184,0.00483009175189947
"105",-0.0158553824504954,-0.00687132519203237,0.00881198596821956,0.00682465408427249,0.00281078531662307,0.000547382497444732,0.0119537740131894,-0.00143241811132593,0.00849347422328143,0.00675959784388553,-0.00256158282225023
"106",0.0261823524857975,0.0205814142683035,-0.0210212534179482,-0.000168982084216506,0.00695688982013303,0.0103033602714493,-0.0545656635007282,0.00423766013797678,0.0256956741971812,0.0402386890318569,0.0394846554932648
"107",0.0067766379059105,0.00834290654812195,-0.00469282962842974,-0.00177993187243386,3.87616811481492e-05,0.00536534767936155,0.00154229295075198,-0.000598330265566563,-0.00297203422365631,-0.00303880152967274,0.00620010795391225
"108",0.00886271851576847,0.00682905628584413,-0.00446306285326062,-0.00234915163044712,0.0015631656259621,0.00574799751136737,-0.000173736194550007,0.0101016220631766,-0.00934106199352925,0.0057323564270701,0.00314380321817476
"109",0.0238285407324528,0.0126970987307838,-0.0159069021592885,-0.00294302466489772,0.00376298718889434,0.00876823450406656,0.0038488587024981,0.0101264353464115,-0.0151055733424885,-0.00253620229577841,-0.00455868593645405
"110",0.0185931372752622,-0.00266048692845626,0.00280509587138591,0.0361028756093327,-0.020682235251827,0.0595705684159723,-0.0404877285699652,0.0421731222980426,-0.0370175807148567,0.0249072218183462,0.00760620615782106
"111",0.0259877196198772,0.0104904608757134,-0.0178763851286069,-0.00419149714207726,-0.0073038505211157,0.0109742340979179,0.0104393263216633,0.0182700181005333,-0.0155176087960401,0.00342432997421073,0.0102949403124835
"112",0.00166423040476416,-0.00531932875797642,-0.00301757031598401,0.00614323649333269,-0.00440093176042561,-0.00468793956876098,-0.00848893106121373,-0.00714797082621773,0.00133741320603758,-0.00648560732677205,0.00235053394687512
"113",-0.00757607343833931,-0.00164805156462436,0.0045825097377036,0.00332043355258444,-0.000391388206181974,-0.000524162261570604,-0.00111368709952499,0.00406276546558197,0.00553643734727061,0.00616931549167521,0.00360352971640007
"114",0.00728572067429014,0.0145565009068136,0.00222772234037993,0.0051411123317539,0.00400229775335837,-0.014199929756039,0.013916413868233,-0.0256444280181754,-0.012364967510583,-0.00864100808585925,0.00817165760664806
"115",0.0178146506009903,0.00687458865171707,-0.00957446166135887,0.00402983626100624,-0.00325685271674794,0.00705610273012532,0.00421371180561702,0.00489047111874912,-0.0152215117082392,-0.00280350364336274,-0.0034048229241079
"116",-0.0224272834006151,-0.0197861477849794,0.00662332534218293,-0.00054942734018469,0.00543831900257063,-0.0108037002497901,-0.00302272405691587,-0.0102834073954526,0.0206255792530787,-0.00833168837991575,0.00590365823802015
"117",0.00804529998764083,-0.00629842001196398,-0.0244258011152185,0.00537499748393108,0.0253841028135343,0.00176412611686015,-0.0134265151108092,-0.00252173599065382,0.00590983016823143,-0.00322788407154305,0.0156884071083049
"118",0.0173555228913964,0.00551405856172639,-0.00546173189442407,0.01174674270815,-0.00113204874483918,0.0105061954515479,-0.0227148086930217,-0.032892175848303,-0.00194874355419556,-0.00830387983061556,-0.0368449446468766
"119",-0.00741718737950659,-0.015167811063245,0.00410928398249539,0.0157375504750609,0.0086120422877857,-0.00286036022791993,0.0155176905735174,0.0126219242714995,0.000356236970148588,0.00733198204763505,-0.009926723179363
"120",0.120592592618345,-0.0201684183778185,-0.0740019459512248,-0.0604396691783203,-0.0875155844473779,-0.0333901067518646,-0.0610578759272225,0.0178990662944312,-0.0604279689076288,0.0175641121019178,-0.109618169646846
"121",-0.00248467890721254,-0.00917604203606155,0.00114955663330135,-0.0054877396345497,0.000935642288384581,-0.00550923792928945,0.00177153422823109,-0.00464366104742353,0.00366604584945703,0.00313474624510715,0.00398097198221296
"122",0.00256652609041434,0.00551683042532142,-0.00339595319781668,0.00473166348096108,0.00190249205971839,0.00334697766040016,0.00754919630583767,0.00107974105324629,0.00150489351973091,0.00266828250217572,-0.00130268707325453
"123",-0.0107346811901986,-0.00598147597450246,0.00759871008267288,0.00436976912227559,-0.000257242821137332,-0.00315203104608696,0.00228620775445101,-0.00424796458065844,0.00491005455938486,0.00809475857623183,-0.00506834211323945
"124",0.00430040149825089,-0.00242580934524627,-0.00679821741594236,-0.00295205114924578,-0.00138504643826694,0.00454012017722883,-0.00335235440347163,0.000365042443027006,-0.00806730479983707,0.00237606939261959,-0.0040221318948316
"125",-0.0199273152416963,-0.00986254382250485,0.0120870259570387,0.00645467254481301,-0.00573080425074706,-0.00483377085168112,0.00229101688357572,-0.00599213465555697,0.016481847281448,-0.000851756866991731,0.00100615202681791
"126",-0.00989277829990867,0.00952290387777607,0.00770921510246422,4.06247003181187e-05,-0.00474689063179614,0.00395087737966072,0.00905926579817862,0.0119329296628442,0.00201367832696721,0.0196190418934444,-0.00715246401599155
"127",-0.0296876211312926,-0.0264022110858906,0.0106210586088064,-0.00542153041848884,0.0078637728607358,-0.0197498264669269,-0.00996049350016565,-0.0182547881622282,0.0282589235521226,-0.00634274050700828,-0.00174877292376503
"128",-0.0113423263179311,0.00265209860558761,0.00683219430091747,0.00593354884233442,-0.00143836879499599,0.00903871339376012,0.00848276549618706,0.00997958836086414,0.00527330707871959,0.0110515408111937,-0.00683670446036959
"129",0.0101057702707204,-6.33429286486799e-05,-0.00734459160982712,-0.00123485462489433,0.000142880648159187,-0.00264001437036576,-0.00354802936631357,-0.00409473402532809,-0.00217038005797623,-0.010499888269385,-0.00603479739537588
"130",-0.0079333429096883,0.00390437267663032,0.00538097557594508,-0.00347029462072086,-0.00155876707945799,-0.00193941597568024,0.00224696746730459,0.0101620093605569,-0.00139493522981946,0.0122519640339126,-0.000895510987024442
"131",0.0253372677853894,0.0147871642365427,-0.0190208458664252,0.0385253382246288,0.0203303172701637,0.00428384691136188,-0.00627702948122945,0.0164595079823139,-0.00876475757996412,-0.00193181399097228,0.00424900191158417
"132",-0.00641589698416626,-0.00245925490138215,0.00416932038556561,-0.00341547992375047,0.00213709787389349,0.00195238869383579,-0.00612914103943247,0.00912699196831965,-0.00167566621421617,0.0109791184383692,-0.000143442978303908
"133",0.015395909717683,-0.00519704854055907,-0.0127260468374547,0.000918384998535596,0.00499172707290602,-0.00803442260932358,-0.00120667630115866,-0.0104152009477169,-0.00598480179528306,-0.0155018099253132,0.00140702679538129
"134",0.0172127627401606,0.0065337377781863,-0.0109265527272603,0.00340158001483508,-0.00518684273373709,0.00527989365782436,0.00684199820870164,0.00607116273584346,-0.00633092034055168,0.00214060999125639,0.003332081824245
"135",-0.00791014423254001,-0.0117553697691147,0.00226043415127169,0.00302085046755786,-0.000798901382832464,-0.00110948974048186,-0.0111237870722978,0.00396770023449934,0.00463921748007744,-0.00116048106826749,0.0039850051311932
"136",-0.00784909210644039,0.00492021295569463,0.00936222257341032,0.000388675811974392,-0.00319643692917472,-0.00358980913200334,0.00928474784946707,-0.000262350053805265,0.00460708989749863,0.00939093631117431,-0.00225242254933911
"137",-0.0140695903512662,0.00106746110619682,0.0108228784768357,-4.7480264834218e-05,-0.0139396051646637,-0.00468472618088546,0.00863397146588911,0.000804303074206225,0.0141350459860973,0.00914325348920727,-0.00812327724912351
"138",-0.00879028327091741,-0.000714398601662245,0.0102187651538712,-0.01631649721961,0.00071520032175498,0.00133046251089219,0.0129013362225727,-0.00255028315651773,0.00645091728283456,0.0140125766971055,-0.0041672829234072
"139",-0.0120625503759711,-0.0102897481818608,0.00196200029066935,0.000429355126480309,0.00759150052020664,-0.00980965840983134,-0.00175348770933061,-0.0105689146909975,0.00952585695676914,-0.0161959093195441,0.0038504873123451
"140",0.00123351774775789,0.000460565720316998,0.00105405136459481,0.0109757542628052,-0.00758750551949785,0.00143202185651409,0.00456963799598819,-0.00510321324094732,-0.00206002991911945,-0.0123180025473624,0.00360384612574241
"141",-0.0129832333920823,-0.0131038618746417,0.00299641301507369,-0.00152298562035431,0.0108874374632668,-0.0114111581837693,-0.00244387767170465,-0.0104754156679772,0.0183306959483267,-0.00830845018439168,0.00380459462031765
"142",-0.0135520453286233,-0.00686510177634554,0.00594393890126662,0.000116191005507774,0.00460099296232681,-0.00807048393079563,-0.000211100388032926,-0.00816422329613466,0.0153030981548414,-0.0058858902466519,0.00189578394924416
"143",0.0148158591176844,0.00430014019453439,-0.0113587410671143,0.00297702373621197,-0.00659072335725821,-0.000441522195446371,-0.000577004211186842,-0.00358823536451457,-0.00835533807844213,-0.00970490070518908,-0.000463054604697047
"144",-0.00995374949226761,-0.00718824357663874,0.00340623238740138,-0.00904869075155539,-0.00375422622118936,-0.0111715858679162,0.00457399866391408,-8.50343290489323e-05,0.00744634830696846,0.00553366967358263,-0.00500533453193472
"145",0.0284280432704261,0.0273467053667639,-0.0106277804732673,0.00572935224012358,-0.00509715962739452,0.0179340259232933,-0.000661311341345305,0.0168004193009679,-0.0220573671518318,0.00890811614693159,-0.00340695648644779
"146",0.0073658101121843,-0.00488738005762116,-0.00697204840479493,0.000339673527449121,0.00275138075831763,-0.000729099548464294,-0.00765297818346386,-0.00968330651822025,-0.00210579984663707,-0.0103467422875787,0.00598689615012283
"147",0.0204476176418334,0.00601484426861782,-0.0141414480514748,0.00586441406453519,0.00399043810874767,0.00387518820378586,0.00428208050030504,0.000268306266970831,-0.00854459273705344,-0.0120141761847863,0.0028182236855609
"148",-0.00940768502041673,-0.00660237645800059,0.00455524182284756,0.00320674243772684,-0.000245875679396546,-0.00333469490934081,0.000623531655730229,-0.00322536583801579,0.00930862533626722,-1.9124671400508e-05,0.00222723854924921
"149",0.014764507360361,0.0175486639555146,-0.0080749490714623,0.0117478161045227,-0.00252892997576539,0.00758942854114332,0.00724160270050748,0.00952349505575178,-0.00860382248447792,-0.00663460592430473,0.00384515469463125
"150",-0.027751812097417,-0.0159024006453305,0.0145960133713977,-0.0038938604952338,0.00622596083988948,-0.00155795355945657,-0.00174469966957123,-0.00473050510196583,0.0137586317283694,0.000714105960556656,-0.00167166011911195
"151",0.0202739080861128,0.0197546587422104,-0.00729185786495083,0.0117523308695601,-0.00904126805747729,-0.00240847448967671,0.00467678104274365,0.00396026308456126,-0.00994671399078055,0.00886603212587459,-0.0176010451345425
"152",0.0437865928536246,0.036185228764655,-0.00778372667363618,0.00772277269029955,-0.0159952834740031,0.0355158161994788,-0.0151428970420837,0.0261985373055094,-0.056235756953468,0.0351445930445484,-0.00916287790647164
"153",0.0239140629665801,0.00875786389580983,-0.00898289534619323,0.0126034964743275,-0.00296664337775259,0.0122659744108485,0.0031995092016035,-0.00199176321707598,-0.02462461954164,0.00546283581386635,0.000381572958157903
"154",-0.0161712234441391,-0.000581348316594134,0.0124342774084232,0.00147167800687288,0.00408896348860166,0.0104179276657464,0.006355761094601,0.00590928359013932,0.00649614724620608,0.0138056295706649,-0.00179370961900052
"155",0.0274575010560803,0.0216297241345492,-0.00980779519519404,-0.000432739173158081,-0.00301619721522745,0.00963955305278063,-0.00205720955052644,0.0100845116979343,-0.0226970618542825,0.00969622001582829,0.00315682630491395
"156",0.00692137682163269,-0.00916940106805628,0.0031156760011011,0.0258180158400028,0.0377430476389243,0.0308521273838302,-0.0108683769962261,0.0104154913423402,-0.00974305664214858,-0.0101327324333741,0.017860276275173
"157",-0.0114281953098885,-0.00629759618997011,0.006829691694339,-0.00572027654186327,0.000664794336627326,-0.00280588112751589,-0.000401012553849333,0.00117974553250071,-0.00476255661606585,-0.001558670480787,-0.000786285003223036
"158",0.00622241912600547,0.0055551646136261,-0.0142609980916833,-0.000895071239901529,0.032258402048543,7.81853734846001e-05,0.00501651735937597,-0.00892193819100974,0.0167151335054875,-0.00608679509244639,-0.000803681703544665
"159",0.0280744702678274,0.0721611575434277,0.000405673659474663,0.00459027362575905,0.00438000888411456,-0.010786480881688,0.0147709546689337,0.0252232457233881,-0.0314275108529345,0.0407797599301198,-0.00284969874228527
"160",-0.0241989318195199,-0.0075548500403681,0.0191347161532573,-0.00527783400999458,0.00662312635967343,-0.00600057912550388,-0.00260659781645297,-0.00954088310950271,0.0148894385352352,0.00210045599116878,0.000223481034671102
"161",0.00164549539330774,-0.0197197475606872,-0.00679504353394207,-0.000151022449237639,0.00301737810279454,-0.00455681010445609,0.0137081315931138,0.00138330382477514,-0.0213396488520972,0.0104788759570876,-0.0126732964726076
"162",-0.0138736249874668,-0.00273779023563358,0.0126276717025992,0.00308357588606218,0.000207317924180987,0.00180316247102546,0.000541905281158701,0.000858542101927808,0.00462610296303648,0.0121546403582924,-0.00196891592727702
"163",0.0126844675682348,0.00699714152489894,-0.00922960601355756,-0.00400028790246859,-0.00563582703113762,-0.00519750093073587,-0.00637224823955817,-0.00036339861709909,-0.00609708741054506,-0.0092254328278777,-0.000438035047085116
"164",0.0364206758679823,0.000226398512580891,-0.0229323069384878,0.0921853258937293,-0.0695289266756872,-0.012415540528226,0.0472868607009974,0.00756236876134779,-0.0251531062628921,-0.0196621883887432,-0.014156070417995
"165",0.0182755667350897,0.00583070248778431,-0.0102211861182031,-0.00510210928608262,0.00141838381106162,-0.000423739154009186,-0.00471370641699469,-0.00312296876724104,-0.0102128203363304,-0.00311136686342687,-0.000498357477068977
"166",-0.00393233651050654,-0.00387270581972892,0.00482162919357902,0.00167517819824718,-0.00351626389571082,-0.0113198195366495,-0.00227303184324213,-0.00600626571933908,0.00648698658843038,0.00573863212887943,0.0029872882840085
"167",-0.0064673820529271,-0.0071966984479512,-0.000986040012998119,-0.00279763112833846,0.00274019300564146,-0.00863226729032018,-0.00504151644518331,-0.00368577499687242,0.0057291744388085,-0.00248175709178292,6.06510823806313e-05
"168",0.018139386757468,0.0255483617708199,-0.0156538526852211,-0.0192416446774882,0.0131993117988001,-0.0243256812199785,0.0348972970253854,-0.00909882354489377,0.00894459966008894,-0.0192502499893325,-0.0234672937521195
"169",0.0221334081242025,0.0123103895888309,-0.0111139079704329,0.00775539276847067,-0.0108384150726476,0.00938621426177634,-0.00116603667512884,0.00657446917918819,-0.0203427205516125,0.000902006613892581,-0.00116672602993375
"170",-0.0213687624142736,-0.00963643397650318,0.0112593471828462,0.000428533172275066,0.00715179166257791,-0.00622040485355177,-0.00264634142725952,-0.0034454771466977,0.00853865507437642,-0.000114399971267265,-0.00222053145829689
"171",-0.0150935376158499,-0.00534638721940548,0.00213492793006655,0.0172472505228688,0.00228876603459204,-0.0132295968497088,-0.0118232659803025,-0.00263329710090766,0.00370357430662169,-0.00564227370208265,0.00738865960072251
"172",0.00784504935030041,0.00323960899644224,-0.00495766265534816,-0.00287330590088682,0.011529944840699,0.00726700973440567,-0.00588724134209525,0.00758576391967782,-0.00270600948367377,0.00149425923977097,0.00279224974771477
"173",0.00644381430110764,-0.00173505903946148,-0.0104352460562518,0.00391142353262234,-0.000553022359415674,-0.00242927498521646,-0.00496120635103946,-0.00735075385578297,-0.00471726294893707,-0.00965319913681171,0.00285120188514821
"174",0.0119232901358184,0.00502968989323057,-0.00462517073654746,0.0055754782106352,-0.00106204176040677,0.00486898730929608,0.000904384358883398,0.00603262427479727,-0.0128409121663626,0.0011493507831231,-0.00168610288654266
"175",0.00815170872882654,0.0244439859194561,-0.0120033416893358,0.000767301716659727,0.0103589590958278,-0.0119391347193241,-0.00992469232048531,0.0309719779487422,0.0463629091035007,-0.0187516749264947,0.0346336202696702
"176",-0.00426634257090698,-0.00361879069344373,0.00240203932021115,-0.000355422765270109,0.00119276744721542,-0.00875132255662198,-0.0104766087208409,-0.00331240008072837,0.00558916278598761,0.0052835612552153,0.00264051791986437
"177",0.00647094064603881,-0.0105493108891185,-0.00658773283062259,-0.0115402838502702,-0.000418897552662245,0.00322442701206548,-0.00991637027999322,0.0123805237629235,-0.00603108759909961,0.00654725033419458,0.014557906931333
"178",-0.0147536796722191,-0.000817826366679673,0.0163552247433077,-0.00210953847963669,-0.00376104644310507,0.00207859980262343,-0.00271860048359483,0.00144354794295788,0.00258117560985455,0.0111628818607825,-0.00286563931054548
"179",0.000497368939166425,-0.00547251386022686,-0.00793502310594108,0.003976855377593,-0.00520836699741293,-0.00700175384978971,-0.00396444979032059,-0.00548862179552569,0.00476031900866514,-0.013289977568403,-7.64414516870894e-05
"180",-0.0106660228730301,-0.000958188510211467,0.0072863260432192,-0.0048847354531655,4.84875164961345e-05,-0.00773723499820991,0.00392998241965197,-0.00832844835230517,0.00477135301847097,0.0014086592251968,-0.00453016905143739
"181",-0.00238340901039879,-0.00756744916979053,0.00135947386947062,0.00897859316422366,-0.00808424284652827,0.0120758691768539,0.000259309665757457,0.0049006136884882,-0.0039335191158363,-0.00293687021799798,0.00562455064278564
"182",-0.000163155097034649,0.0079783762023492,-0.000818468674695064,0.00114522522083268,-0.00227236786819432,0.0089054030400099,0.00563918434403911,0.0130358244763499,-0.0106521069231062,0.00910739571957591,-0.00650677679185472
"183",0.00575885202793457,-0.0053333823178078,-0.00344520328040846,-0.00793875082313645,0.00227821099557958,-0.00187321839055721,3.39440945897856e-05,-0.00439999783609347,-0.00209674953798553,-0.0106472837446889,-0.00133320690963796
"184",0.00790037512058712,0.0185643905083325,0.017958813049095,0.00176369639662377,-0.0319876013696927,0.0087181397274154,0.00425741307958217,0.000407094669321772,-0.00217337792205542,-0.0150644761965741,-0.0497048630550856
"185",0.00332253249984863,-0.00770887519994247,-0.00534434565345025,0.00171705271007308,0.00361858670824812,-0.0092705707989853,-0.00193314847529797,-0.0154152901257518,0.00109855347917103,-0.0163583017738114,0.0066561825875924
"186",-0.00708255089169085,0.00333194031909086,0.00502707384455816,-0.00667013392975893,-0.00327373643296945,-0.00115343785582422,0.00374596643698397,-0.000636653276214557,0.00232621475231632,0.00536147235903701,-0.00813673270916417
"187",-0.00258838219535032,0.00336211894751349,0.0053682562727635,-0.00499455036740277,-0.00907250647027212,0.0112954917146671,0.00717376283382563,0.00950538516060302,-0.00257471190025859,0.0152815526064083,-0.00337359765965221
"188",-0.0187158699737607,-0.00844799817168788,0.00721916460861236,-0.0130915048150637,0.00674172580662668,-0.00296610044415594,0.00377944393233693,-0.00452836379353235,0.0190920891988598,0.00123510093369934,0.00796606777046145
"189",-0.0119481289070203,0.0027684418314979,0.0127058474951848,0.00204644690389922,-0.00624351907145832,0.00271689433790386,0.00585457086795741,0.00552036263527934,-0.00111327848673777,0.00762374757831509,0.000370928880747722
"190",-0.0200112388982072,-0.0476149856784434,-0.00454960243953708,-0.0567313805850166,0.0335898308141803,-0.0445006899116407,-0.0349083047245888,-0.0495787753663373,0.0501776823421475,-0.0554111856140804,0.0140478027450273
"191",-0.00131982668291553,0.0109345385978214,0.00247189473561912,-0.00407959129277618,-0.00463387874433179,0.00863204867289436,0.0115241646210472,0.00793981343100828,-0.00263632973527808,0.013311994264247,-0.0130286492876693
"192",0.00627339870989739,-0.000975808546187731,-0.00716439922293661,-0.00423285813008461,0.00171466942352738,-0.0119508122942691,-0.000935853995930807,-0.00288966473256796,0.00637372019083866,0.00388241715802844,-0.00714474355748059
"193",0.0110446754843595,0.00859864402911175,-0.00453178586758656,-0.00982692993559905,-0.00421102761529617,0.00189261585655662,0.00289526688713989,-0.000127764921059347,-0.0030414173902878,0.00151974618404963,0.000217527171530779
"194",-0.0027205496364844,-0.00127082215541621,0.00595133116260333,-0.00874685714319642,0.000256263248140006,-0.000641462320437838,-0.0021106192834223,0.00601487525439936,0.00731466765602611,0.0114467168919663,-0.00517681925917626
"195",0.0160175436024289,-6.05452795009743e-06,-0.0111901010612825,-0.00737868291002829,-0.00489979899432896,-0.00813659543531447,0.00113875274939044,-0.00929135175790009,-0.00868451981295811,-0.0115308054163995,-0.00409287327820906
"196",-0.00914105457260889,-0.00369350733441457,0.00696644265670702,-0.00683386587084282,0.00478466491251865,-0.00294508497112585,-0.00434727915283924,0.00121602841881592,0.00710245812817626,0.00288879321774758,0.000343685566333116
"197",0.00963354669837173,0.009766627702165,-0.00619042605998294,0.00971132857400431,-0.000580366337038934,0.00237297542381798,0.00155051935285856,0.00760508325955155,-0.00425610586597073,-0.00192250425492686,-0.00327977474234521
"198",0.0123055093084587,0.0160402774458139,-0.00132076889580088,0.012007413759164,-0.00663957252945091,0.0147910699417435,-0.00701576053023855,0.0115479001694422,-0.0217140644380792,0.00492114376210153,0.00243432474074854
"199",-0.00875244624567915,0.0160719113765138,0.00306764481783647,-3.46512539359941e-05,-0.00171055344013784,0.00183755980563409,-0.00505385643735607,0.00332176105201604,0.0105546290056977,0.0236273314788121,-0.020368764574324
"200",-0.0202706366256509,-0.0065178904448138,0.00917521232400985,-0.00239923860413924,0.000481859240602104,-0.00699810926375115,0.00389876430926755,-0.00592044104047326,0.0214364030091221,0.000427020519134897,-0.00125512306946605
"201",-0.0224148730819384,-0.0166942697807285,0.0138882525203109,0.0046237304219365,0.00141855300476311,0.00692499193563485,0.00782417646045241,-0.00250466130214474,0.0137350250447246,-0.00165571159555372,0.00826557253884982
"202",0.017021320822482,0.00971779012683644,-0.0108457026302153,0.00774212448820275,-0.000541834609321489,0.00981304101837316,0.00841416821018802,-0.00627536389037757,-0.00540362831277534,0.0012421658862313,0.0007875580104146
"203",0.0186205064605418,0.0120684669450054,-0.00919093111744047,0.000441601360670958,-0.000428009768716007,0.0027039588840037,0.00753348186117742,0.00537076726393502,-0.0106797500835335,-0.00330097694250251,-0.00143452625848658
"204",0.00818859267071376,0.00250715579739587,-0.00109377162114764,0.00147216689751451,-0.00611538725270621,0.000356231573109188,0.00713508736040023,0.00727602543391089,-0.0107070139788148,-0.00166557395544389,0.00673170597249328
"205",-0.0171861621242729,-0.0112543566914791,0.00764875764554737,0.00576414903474099,0.00571306997399889,-0.00945922711085344,0.00145580893486658,-0.00174137373741835,0.0127395592197616,-0.00301447499926288,0.0139372724760799
"206",-0.00722158288341803,0.00343120134672143,0.00660915665148199,-0.00273603027144435,-0.0118873726003283,0.00174762422434051,0.00376738590472035,0.00997851517549317,-0.000696258365011758,0.012725397518577,-0.00476670840513505
"207",0.0245471138431754,0.0179396595234309,-0.00933082928199777,0.00223011045401017,-0.00215132308137216,0.014843480913957,-0.00151993323688916,0.0120375825653155,-0.0213124622453076,0.0056316213315458,0.00258154406027243
"208",0.000217388798391839,-0.00540839349907314,-0.00172448943420612,0.0014629687891349,-0.000546481504009159,-0.0042715419440026,0.00126145178428475,-0.00219912389869304,0.00150856337212742,-0.00695658278138187,-0.00673904302964205
"209",-0.0210322856231575,-0.0135260683987313,0.0109735372452349,-0.000513431795957147,0.00338800407879348,-0.0025416798826191,-0.00441596470242417,-0.0011205579465656,0.0112599742874238,0.00661933121749395,0.00212413514026523
"210",-0.0140297482118175,-0.00259209047623534,0.00642283456998761,0.00492671609830511,-0.00346846781878352,-0.00171677463271555,0.0143859257251587,0.00112478442886593,0.0102140630466501,-0.000144642671951518,-0.00582891751737435
"211",-0.00161602942857874,0.00244880459801391,0.00127867753052011,0.00476676913863557,-0.0107870652129683,-0.0025186018030271,0.000686306815026845,-0.0102771472306307,-0.00172326760174595,0.00136014963639465,-0.00176135437084873
"212",-0.0259982115645201,-0.0369322234709127,0.000545924117800001,0.0255939966768013,0.000958010030460225,-0.0149481706376039,-0.0392399764728255,-0.00744597216752973,0.0094503100403931,-0.023082925386835,0.0225354588349996
"213",0.00906163230172815,0.0104401669555574,-0.00267393627953995,-0.00336589304809954,0.00103970529023201,-1.13138429763662e-05,0.000713024711714925,0.000186934832200728,-0.00655351152248237,0.00037106669734041,-0.00530029561954776
"214",0.0293977737064132,0.0205549637567755,-0.015435488658492,0.0015806700709237,-0.00453492462662644,-0.00210045506543658,0.00509955156016101,0.00674210311965895,-0.0154654950688345,-0.00371988822849141,-0.0047331093867258
"215",0.00170094439527889,0.0334160269720675,0.0181616192799799,0.0213226804773239,0.0402581130484622,0.0314920859001461,-0.00723157171666879,0.0270169577394975,-0.0286421019281636,0.0306471982398227,0.0331467226115039
"216",-0.0179815276775836,-0.00721769113868396,0.00660376944018515,0.00506734985576133,0.0106196640548183,-0.00882526728427912,0.00281614771738438,-0.0066851601989083,0.0148202526677791,-0.0033915324025952,0.00221193188168484
"217",-0.0208594287076714,-0.0178112611234996,0.00806564492938542,-0.0064314662372308,-0.00217365429804249,-0.012842242771555,-0.0107517004631439,-0.00917989016091223,0.0143293058161445,-0.00247867544010578,0.000573905360194452
"218",-0.00652956149535499,0.00305571259647546,0.00801431860993927,-0.00275821974697255,0.00599240282757339,0.00189215285864767,-0.0018451543572249,-0.00425455982612903,0.00335136263104964,0.00938571999067289,0.00574754845397266
"219",-0.0121439896436034,-0.0087351742359039,0.00529012606830527,0.0127286205016255,-0.000849255991765564,-0.00203458494095422,0.000208526116672437,-0.000256079164530457,0.00880722570557859,0.00406873976182614,0.000209843445537242
"220",-0.0161927983053162,0.0091973108097039,0.0219755923695948,0.0039482453935456,-0.0252813752196537,0.00319744165824903,0.0152466110092167,-0.0117436247395181,-0.00804491184901061,-0.000303527124504212,-0.0196020288179292
"221",-0.0312812070563904,-0.0291516484086913,0.00832829160199227,0.0113190827525378,0.0079107528938328,-0.0177618749414123,-0.0058099416749933,-0.0234928649302807,0.0287792285370827,-0.00925201490349696,0.0119152211311376
"222",-0.0207332602637202,-0.0113715492462091,0.00839769043867448,0.00263368832604851,0.00852274183644677,-0.00975315661259778,0.00135756336721095,-0.00786740473552798,0.0152044296962204,-0.00138795605354784,0.00443045594892133
"223",0.0171604559201567,0.00426948686776671,-0.01451418037235,0.00597597191938062,-0.00371563602499993,0.00228551091145407,0.0042772647260175,0.00264616994503383,-0.00593556307199926,-0.00393338709026049,0.0015440118243529
"224",-0.00758938863439876,-0.00317818451306635,0.00709199559471856,0.00245896741125968,0.000963061253199354,-0.000250329345684915,0.000888451932136201,0.00572508595425571,0.00169783162370497,0.00678669267137097,0.00521749823832544
"225",-0.0241546460878799,0.0185538853665319,0.0220302542315174,0.0150133774865625,0.016364926116636,0.0154712377717051,0.00367023497778436,0.0204461768276802,-0.008852835737838,0.0138351094303554,-0.00315786990611923
"226",0.0327240616277054,0.0261384752737275,-0.000782726761511467,0.0376032455587285,0.0262706701310948,0.0461153995605212,0.0148117877073688,0.000314521264284707,-0.035241485119966,0.0249465116182815,-0.00335137888427009
"227",0.0115363238724827,0.0189689398436364,0.000831810678366779,-0.00409381931323654,-0.00307209465173577,0.0110599391084407,0.00510486945954549,0.00608738350749498,-0.0144190839634587,0.00559950931703533,-0.00655210526996061
"228",0.0111831216514971,-0.0621767489257992,0.00233561770358495,-0.178464542318258,0.0125012103031615,-0.0134536837735562,-0.00907807700602041,0.1144883432823,-0.198080871749744,0.0167194433416487,0.0338310079286755
"229",-0.00893587734460088,-0.014283672338705,0.000647467445933134,0.000121048814806976,0.00224293121423168,-0.00852618713696389,-0.00351479058662621,-0.0103888180031781,0.00885225262054166,-0.00401232922334535,0.00508935280701158
"230",-0.0170825341828134,-0.023009276046782,0.0052803753116415,0.00451023216896018,0.00130386658310105,-0.00867813407101528,-0.00104574708536833,-0.0117741145568723,0.0102926890425489,-0.0106209692690262,0.00136099331553564
"231",0.00871365688408359,-0.0590785548582551,-0.00229343582192129,-0.137653405988927,0.025997475866473,-0.00539583323072036,-0.0116719925670747,0.0838011179184116,-0.142732823210727,0.0190916304241124,0.0360005251066734
"232",0.0207295104741122,0.009072685446967,-0.0122276742584619,-0.00337063327663938,-0.00172158007098304,0.00420170380972271,0.0115135751874076,0.000366858049808022,-0.00994821247832376,-0.00366689417588505,-0.00446164689447045
"233",-0.018380160067664,-0.0138221291904316,0.00899967494803702,-0.0046993825889615,0.0020880668370625,-0.00903391108244273,0.00331545694637048,-0.0200408298400257,0.0158278188221763,-0.00618119434432614,-0.00115354601657875
"234",-0.0160068711379882,-0.00396114710181958,0.0127570252015732,0.000354320321450299,-0.00307558773637113,-0.00341583817009794,-0.0119690759762359,-0.00601869300516801,0.0050034936786959,0.00277020367685995,0.00513971703064368
"235",-0.0161612667710615,-0.00759128369588456,0.0294531150604014,0.0383864900265592,-0.0406793034419123,0.054977200496428,0.0212611063257958,0.000344279115403316,-0.0307927201034611,0.0110789393704581,-0.00393992878004132
"236",0.00321080611621679,-0.0111761458232636,-0.0050915873292983,0.00570263028640895,0.00281373168038773,-0.00633949069749264,0.00112423631798774,-0.0173690315478781,-0.00142962402491983,-0.0158834430297538,4.19774833617462e-05
"237",0.0514290995468672,0.16503847461878,-0.0377788230313566,-0.109654323889994,-0.0548560594221508,-0.46620350330703,-0.293967860457544,0.101584149740379,0.0139618158860913,0.158442338529367,-0.0765543811522412
"238",0.0153217938489416,0.0173095386197417,-0.00877022404464766,0.00787918898680654,0.00750384563109116,0.011481223603612,0.00902346630854994,0.0068321548770027,-0.000913633152170399,-0.00639473811571435,1.42211605285146e-05
"239",0.0021119662191941,0.000517289369433469,-0.00394801723302766,0.00185210007127015,-0.000248250410765867,-0.00160794935714796,0.000376086691200436,0.00153850270243896,-0.00125357890707267,-0.00569961092571707,-0.00156831876170255
"240",-0.0589065828213672,-0.265596888062096,0.0666225820464227,-0.278390530858108,0.193464651534493,0.0907036890003337,-0.080177374425685,-0.16208445905322,0.0987904366325454,0.145768102207525,0.256602146467043
"241",0.00342674102180486,-0.00647360070583442,-0.00532304497300538,0.00259907249050535,-0.000725741994543339,-0.00766479313816898,-0.00131372612514255,-0.00602337560015345,0.000853765369429379,-0.0141476776485021,0.00118620214945496
"242",0.00339968749884748,0.0100335720932746,-0.0288067626141093,0.0670145464227186,0.0264198503433421,-0.0159382219893526,0.0382107472183216,-0.033865720646443,0.0305321832633102,-0.128587453405815,-0.0198714830199853
"243",0.0306561111533939,0.00179285244179607,-0.0139424231625056,-4.47519573434034e-05,-0.0168646078617211,0.00154717936946854,0.0011816260174158,0.003330299289163,-0.024283863384952,0.00914534154619953,-0.00623077842795902
"244",0.011256643721287,-0.00120026730519279,0.00364051934513478,0.0185149711758364,0.00312852644397569,0.032595099729039,-0.0264541872748471,0.0223241675333741,-0.0271421680110377,-0.00294093529181661,0.00399619934838543
"245",-0.00676345770431331,-0.00647414380941526,0.00112247876373844,-0.0049842122184109,0.00535343005417379,-0.00258969073282395,-0.0012894803899351,-0.00584572967065387,0.0155206024289912,0.00219241152030687,-0.000216266907445263
"246",-0.0403830939557151,-0.0561509577831342,0.0145634410539289,0.00332462561668625,0.00803307043609706,-0.00784662328523779,-0.0495524633274902,-0.0266060215266892,0.045979997785007,-0.027013670731009,0.010498806739776
"247",0.0223850479075678,0.016774822497676,-0.00931426851916894,0.00484077622302136,-0.00780636078304024,0.0100190497099991,0.00781146405698983,0.0143847043641454,-0.0185968037211609,0.00593490650920201,-0.00374769152599954
"248",-0.00541857479086445,-0.00269071258154728,0.00483024521659438,-0.00615238090468807,-0.00211109079905712,-0.000898829063603951,-0.000380211859982083,-0.00140627319947957,-0.00357416118613948,0.0046484348444799,0.00130978101026394
"249",-0.000864808183411929,-0.00477787505967428,0.00257474941957885,0.0025406865996101,-0.015689754946079,-0.00106898642794788,0.000779753453604223,-0.00413108664862175,0.000920592400766454,-0.00241215946473457,-0.00340521143353941
"250",0.0348536758233703,0.0343524219228718,-0.0024917993761283,0.162848257354303,0.0142422030439429,0.0358862647567691,-0.0364427333480749,-0.185452370460499,0.0204363361910228,0.358559914256325,0.0457758528646546
"251",0.00484091880413784,0.00576255412662778,-0.000430520304729898,-0.00616803605619241,-0.00307426120217559,0.0051510503959852,-0.00587085666398874,0.000132119998379421,-0.0030476311509192,0.000229219575824526,-0.00249203843608059
"252",0.00830846181137281,-0.00965919915783078,-0.00397743899188435,-0.00929583015042226,-0.0214525884497106,0.00388960371721139,-0.0143590191807695,0.015541391323335,-0.0291617954315398,0.0146306601622702,0.0071329175065449
"253",-0.00187483225752761,0.0105629549254014,0.00213111469371634,0.003581842599008,-0.00628513522395481,0.00279423417245825,-0.00356968768300598,0.0047264843238484,0.00228683794121925,0.0039112412210639,-0.00310735338186886
"254",-0.0239205511292392,-0.0274696879052557,-0.00136437179282609,-0.141618061667602,-0.0183288794048109,-0.0298949540829179,0.0479960352392075,0.16516796642056,-0.0183799234142248,-0.329771845932375,-0.051321098199552
"255",0.17119406109711,0.0413373422976444,-0.137152202314153,-0.188130596107731,0.00441560109927475,0.067025936595374,0.0241094264701068,-0.123438022257537,-0.0816077690834469,-0.0505220869182376,-0.0399238287101845
"256",0.00130984166523085,0.0188961248439165,0.0120561444925143,0.000829897884537231,-0.0139405504376567,0.00582308014688607,0.0423807322319391,0.00872775806857517,0.0213148921614805,-0.00719274632240943,-0.0538398555286922
"257",0.119722987627499,-0.00069258194909695,-0.0841117408951658,0.139865976076012,0.100779521945656,0.0755056674149355,-0.125864482410961,0.0367913430611083,-0.090541490973655,-0.037466848085755,0.211283019463994
"258",-0.00373603771545145,-0.00285033560954848,0.00416836294359456,-0.00289342292940206,0.000639899457329883,0.00415565329020513,-0.00055971640897639,0.00360901286846001,0.00559696910304356,0.000469807707751519,0.00884934361527014
"259",-0.0133481006040511,0.0106829626015365,0.0200247300721102,-0.00729046344367722,-0.0134774136020397,0.0152352024804827,-0.0119753462476969,0.0244702291380107,-0.0311934341760921,-0.0034689890463973,-0.00340767649005735
"260",-0.0861624784027988,0.0540467541711524,0.0676414907046899,-0.0847236784546714,0.326206633849718,0.109398095848069,0.16072654050691,0.10535435105338,0.16665940221147,0.0186556480801584,-0.303205096483653
"261",-0.0903493853727466,0.135956702386928,0.122700174689898,0.0364680223169284,0.0965334190957874,-0.237306451748257,0.241343972883687,-0.245177195234037,-0.125293538665984,-0.0672034589498985,0.131304943770974
"262",-0.00747488272204736,0.00914938135773217,0.0102064477057826,-0.00290918988959895,-0.00437290310431399,0.00521668143122615,0.00893984441878292,0.00973251047814742,-0.00612076471048255,0.0132122834710085,-0.00784875069124946
"263",-0.0320407717122591,-0.0198819353542461,0.0152293240892471,0.00228451414459614,-0.00143194486596493,-0.0116356577026421,0.000534657243245914,-0.0116319473531739,0.0245894871989744,-0.0105241337646255,0.00483114010881088
"264",-0.00375403834236828,-0.00422557666051125,0.00165033895031894,-0.00895553694580967,0.00240663357937379,-0.00128600768990891,-0.00269204627930041,-0.00309331534565842,0.00104251709939706,-0.000453422865848146,0.00139264892665104
"265",-0.0186835060124253,-0.00986975101460126,0.0113467769232171,-0.00790869663693457,0.00748599018211509,-0.0113224267868412,-0.0029029142018218,-0.00700664245129366,0.00676503287443536,-0.00477673965074508,0.00102180419615966
"266",-0.00149392291588636,0.00638589128113935,0.00362262092399798,0.00994827482642895,0.00559837286321167,0.0109875387963387,0.00107576301196452,0.00859954733424495,0.00159099205053157,0.00120278676378872,0.00150490304964823
"267",-0.00379862158957417,-0.00633189004551348,0.00298222465932017,-0.00782534006111559,-0.0096402965160399,-0.00695640729234834,-0.00684287259318433,-0.00387965151800564,0.00971882927619936,0.00653639582970506,-0.000930634256387527
"268",0.0597137003957209,-0.0928531242809685,-0.0727524991569117,0.222397899628061,-0.0296000982318568,0.0654408718054885,-0.0540797790228002,0.034089678731629,-0.0968655100180211,-0.211566555332822,0.109208766407118
"269",0.0483382314998863,0.10843250959356,-0.0013244338172868,0.0319974117097575,0.34426474365169,-0.0196736338503029,-0.188547787260591,-0.0236389336517196,-0.089865821758299,-0.0676944369088057,-0.0656423544708542
"270",0.0123090202951092,0.00807014744152994,-0.00567212257943048,0.00632059089580077,-0.000853713657594871,0.00605257142783037,-0.00245614829344115,0.00679315016247078,-0.0128494122155135,-0.00202113830883422,0.000953287865187087
"271",-0.00613601139912635,-0.00723626801913716,-0.0280131494959911,0.0751873155372068,0.0171341828849405,-0.0237974527285294,0.032091452635955,-0.0437106264039999,0.0422540071517638,-0.132504626634893,-0.0163326665544953
"272",0.0140373897570741,0.0251041932617779,0.001368412173124,-0.0189503395055011,0.0344380580582372,0.0426218712118809,0.00645874678461506,0.0374178693662197,-0.0252094685926203,0.0247155551446969,0.00563833459461978
"273",0.00326174062927216,-0.000609103570821641,-0.00266265178814206,-0.00538224120329919,0.0101244726883463,-0.00228901198917196,-0.00196229403951679,-0.00233645123558462,-0.00289671032199262,-0.00260451502123098,0.00212334914325781
"274",0.075379668516335,0.107391973858333,0.00085915793111237,0.0495242418994526,0.323762836058412,-0.000940423972012457,-0.176837419293766,-0.0354786441889783,-0.123424684461545,-0.0520174643315363,-0.0461703938505406
"275",-0.00310272072225348,-0.00358534912006695,0.00184558790913538,-0.0011783677144297,0.00058795129515163,-0.0035308900355393,-0.00123640592221785,-0.00615472660977906,0.00197597576914504,-0.00204519450463621,0.00233862138979782
"276",-0.0296237562283879,-0.0884586387913078,0.0130869412105419,0.0918052117590907,-0.0837974629346093,0.0568180325162192,-0.272123113606181,-0.343044346260135,0.112643441517112,-0.126728221042373,-0.321837878508015
"277",0.000335630137119036,-0.00251324916705889,-0.00172193670557216,-0.00651390398751448,0.00603039943085691,-0.00293623551388853,-0.00115679899736617,-0.00225848128903823,0.00307311603429468,-0.00575473157169772,-0.00327641488512532
"278",-0.00263815051091371,0.000356068969861057,0.000249366644167904,0.00514943403801854,0.00950568889534876,0.00385714750949785,-0.00221254914178264,-0.000127908843267803,0.00417549127921699,0.00803076622174277,0.000448938988231794
"279",0.00555526934797865,0.00899425489100362,-0.00444343883397674,-0.00410865800792557,-0.00240717178076247,-0.00610854700148235,-0.00243800443084616,0.00130298408897424,0.00154258803320705,0.00325545937702949,-0.00516834943015091
"280",-0.194034767967316,-0.0675087257964029,0.224124002546577,-0.011259838138615,-0.156949601582884,0.0572511342971591,-0.14143696849191,0.00706848117073225,-0.303785815468705,-0.0419872084654658,-0.0216657149759442
"281",-0.0229055004229171,-0.0139339863742255,0.00754109534999039,-0.00133167919759866,0.0143438825916335,-0.00681994433296269,0.0017454013768483,-0.0101811112494671,0.0265265429002597,0.00634085506465104,-0.0132046733960046
"282",-0.000833597613113866,-0.0013660292636276,-0.0005056878924127,-0.00361964381076805,-0.00591638218160498,-0.00528396969422011,-0.000101326717941572,-0.00217610318310132,0.000984466326046338,-0.0049748161515783,-0.00195601121592013
"283",0.0120005759379823,0.0263640554235612,-0.00187344215628697,-0.00505242627567369,-0.0118010848968209,0.0062057849056718,0.0253606293618874,0.00318561332792108,0.00140372861571251,0.00680356572188646,-0.0124105218998572
"284",0.00595303993013051,0.00056900592831306,-0.00244212564806371,0.000254235549432699,0.00111617228621655,0.00487940052443655,0.00194191166034949,-0.00390200436958787,-0.00433471797739941,-0.00509312894486512,0.00141207706109837
"285",0.0159437364742169,0.0144830512465866,-0.0129704133551735,-0.0133697979582128,-0.0232881578978577,0.00623141709485884,0.0274432246884803,-0.000174420416613454,-0.00993486644868288,-0.0142433839453414,-0.0156362917170012
"286",0.18970716133085,0.0365251405205911,-0.152718462386324,-0.220457186770675,0.00894254319183933,0.0812982290872884,0.0237834610835352,-0.133710492038319,-0.091563853010993,-0.0552751065494345,-0.0389468022573754
"287",-0.00430269433976982,0.00655504811176199,0.00529211892877081,0.00210315140275699,0.00282027581855546,0.00522966502764083,0.00666268199571155,-0.000258865863624516,0.00409700997407463,-0.00384572254577985,0.00322994670595555
"288",-0.00119382725538857,-0.00600719565445588,-0.0123161068198549,0.00550097648500869,0.00698174373321613,-0.00348181531353977,-0.00603163839030414,0.00149024605807177,0.00197199607567585,-0.00239988051423733,0.00488918102297873
"289",0.00093097348865985,0.00552356392557966,0.00886821440624868,-0.0253182515561243,0.0053054948765457,0.00582431544207875,-0.00859406613832497,0.00144531061390416,-0.0106459918344025,0.0129707720781808,-0.00386866671368388
"290",-0.00218964540201917,0.00575917273315796,0.00694491922187418,0.000245114079165768,-0.00181254058804726,0.00600664784326314,0.00178672846786609,0.000271306972683512,-0.0071107475159896,0.000875455490600856,0.000822837766759014
"291",0.0883956355069051,-0.0434677382180835,0.00544115829514227,0.0230091958959552,-0.0761370635102056,0.100690576201283,0.118435679767212,-0.176625549870751,-0.345509200807191,0.134967653911396,-0.216870905806472
"292",-0.00972100877072178,0.003979692509694,0.00986830748627,-0.00117444893187379,-0.000268422002492725,0.00823862919144984,0.00388864508094781,0.00745725575041512,-0.00169327786891827,0.0120321629480883,-0.00555765440009441
"293",-0.00298221942691332,-0.0037758399776356,0.000841899629330407,-0.000616109034901277,0.0039472697022048,-0.0046399677674235,0.000413526498260945,-0.00579013915400824,0.00950282062234874,0.00178879509671451,-0.000567063591211589
"294",0.0306933244592739,-0.120499137050808,-0.0443861036545451,-0.0750533000071437,-0.0325119604102784,-0.0993932894715052,-0.00467581414348928,-0.101443772701764,0.0658491978337035,-0.0728937675523527,0.0221054137789489
"295",0.0138752817534864,0.0144702892067592,-0.0058578789216249,-0.00214747002078791,-0.005178216379413,0.0067402696605543,0.00275596346150805,0.00491233319301705,-0.0134860173122192,0.00167578399554556,-0.00510448040597771
"296",-0.00523908849065186,-0.00266254439851794,-0.00202672108044251,-0.00230018824176317,0.0244487885819356,0.00854239253326451,-0.00864069053214559,-0.000634725301227079,0.0025250644147003,0.00181605105393502,0.0104199420355133
"297",-0.00605706595502238,-0.00442525034644695,0.00767108971640496,-0.00132931789557895,0.00506473451428685,0.0130933128493494,0.00207224623653892,-0.0077706296461772,-0.00703104503197149,0.00409983245655808,0.00885768531374243
"298",0.00830130580755382,0.00300183607143954,-0.0054182167034546,-0.00670117649582347,-0.0026290517076098,0.000313435568540156,0.00132268244671788,3.01490457523101e-05,-0.00589117662832704,-0.00583493856983237,-0.00287355418134591
"299",-0.00104834977413604,-0.00432761314927042,0.00319851234087417,-0.00297541103324498,-0.00351166306760595,0.00172073730013467,-0.00338949005100924,-0.000520396698175139,-0.0021089304850526,-0.00804940623034171,0.00737712131889811
"300",-0.0084868536336336,-0.0173912346140578,0.0298858373883183,0.0810872316310857,0.00193113671831372,0.00281873002798795,-0.0666139555009033,0.105946138795363,-0.0806735388016194,0.041084847845834,0.0235818953844088
"301",0.326744585354286,-0.0753854386500532,0.378817626858961,0.00741841751130065,-0.00120121681779069,-0.036153994213454,0.0162039460059119,0.0388244949642797,0.043833036826365,-0.0227839977687908,-0.00886031787073874
"302",0.167918810047033,0.12159779139676,-0.114040669990139,-0.0340200530337688,-0.0401553566579602,-0.00925141389045333,0.222681865628733,0.00734124776564713,0.205980313739342,0.0784378398609432,-0.0740379705842634
"303",0.0658916830174239,-0.124001201607972,-0.0916760099067937,-0.0296836523100256,-0.0911102655120893,0.184727898299271,-0.191460765060854,0.184072525489301,0.0838536395734756,0.050743416111888,-0.0925150775430635
"304",0.0170357646268623,-0.350116594047127,-0.133338084615106,0.144100069407556,0.130679472864738,-0.199872673864869,0.124093084468859,0.0792552385958537,-0.0595857256464935,0.0708608165750499,-0.127771547366117
"305",0.0047486635631524,0.168676562409108,0.0535052669352244,-0.110341407197382,-0.0738887585158408,0.118736891169673,-0.0684604998148861,-0.0605637419976496,0.00342985611569106,-0.0136990844327165,0.0689890664910269
"306",-0.00781937383183487,-0.00787779563914269,0.00692107214478633,0.0110221379298948,-0.0102205127622774,0.0106859295805569,-0.00862768004342778,0.00990227987486758,0.00120139830935967,0.00111734406780374,-0.00356841270359892
"307",0.00573775682778971,0.00513451138967212,0.00256744064036427,0.00623573728427196,-0.00849386054196367,0.0021326736911288,0.00734795725287451,0.00286849321818403,-0.00422324909073098,0.00259470210272975,-0.000172659170481697
"308",-0.00882648431495484,-0.000498928628207543,0.00506178269051541,-0.005437727908961,0.00327909682195401,-0.00120440936676998,0.00135717258903711,0.00418510746730676,0.00434314873635357,0.00626529861806922,-0.00641886640331877
"309",0.0256623898739532,0.00715982262509833,-0.0120257338655962,-5.69315955731862e-06,-0.0229876471353929,-0.0013895737014775,0.0118106846334516,-0.00928130297991552,-0.0134914628970533,-0.00450910505188558,-0.00662817999763405
"310",-0.324127869026865,0.104916601484477,-0.337399428097234,-0.0364688542909848,-0.00324245386195888,0.0458502234068764,-0.0173098969513094,-0.0137776943325874,-0.0588284538868818,0.0400875717156871,0.00125042048421005
"311",0.00273005357892367,-0.00482668884941288,-0.00416042290044309,-0.00967798194086278,-0.00392145152097591,-0.00494146108271165,0.000111130750469133,-0.0106130966050355,-0.00127101254938106,-0.0135503526195486,-0.00520239193046165
"312",-0.00469944244328801,0.00277255814933777,0.00672648424852026,-0.00561193387254155,-0.0124085175879976,-0.00454338153998306,0.00522933198730556,-0.00618959225238801,0.00279557899126534,0.00141817413081494,-0.00607784902807887
"313",-0.000465537533881483,0.0168243578286639,0.0168627950089209,-0.0236365106606171,-0.0325189174868804,-0.0141113243733507,0.0282088663347394,-0.00871554966676477,0.0140636609682431,0.0115736369409133,-0.0478539168834155
"314",-0.451821430840629,0.116505290819523,-0.503210645264798,-0.0352919370500471,0.00181840419460021,0.0503394331823821,-0.00404245621590155,-0.0450508058701237,-0.0819895655983228,0.0327164225589307,0.0186212106267436
"315",-0.00839528620563167,-0.0410858108369459,0.00300506764727621,0.0665378937534881,-0.0377647753041574,0.046603750934552,-0.0147654775590314,0.0433163326762947,-0.0175504512925418,0.0235475652073398,0.0333000198524794
"316",0.00686379077138524,0.00404207796038727,-0.00199080822890323,0.00369597143324552,0.000889448382886928,0.00738209787197421,0.0109204161909164,0.00258766807479679,-0.00786053702244467,0.00103942057928,-0.000894068254831615
"317",-0.0475949400831784,0.163828055728311,0.0684280729269117,0.114106687925198,0.0594214749100694,0.139340930117573,0.0139314808292696,0.148665252751133,-0.0837404960012943,0.094756247725948,-0.026014289824272
"318",-0.00415940372210242,0.00432069445210291,0.00958923152296992,0.00358634613950471,-0.00886999053968532,0.0065786354922581,0.00560805397805522,0.00720739571334395,-0.00565935731226842,0.00648929369991788,-0.00309259265650666
"319",-0.0130441053701879,-0.00497965638863482,0.0100142752117408,-0.000470556883899296,0.00905772583886012,0.0186848164282706,-0.00461920529002748,0.000681062682047334,0.00836023449142467,0.0111946072068569,0.0120417955397312
"320",-0.0244650377785334,-0.0219843820847053,0.00784026946136306,0.001505881738803,0.00688284989013414,-0.0078792438886486,-0.00551791685107452,0.000451023923828628,0.018758491802901,-0.0007883758871507,0.00462433379590183
"321",0.00506421564025481,0.0124150910576704,-0.0129127724637541,0.0198892743889588,0.00673903920207419,-0.00812322862400208,-0.00658098276559364,-0.0174523287921632,-0.00718079028532129,-0.0320450650339543,0.0133074618154296
"322",0.00560126431025004,-0.00206261165746846,-0.00280753955404291,-0.000185501954758307,-0.00482894458720686,0.00401147528300167,0.00111237706825689,-0.00337923053927648,-0.00338398064589065,-0.00315164571306662,-0.00228277478377373
"323",-0.00244753086751631,0.00465453655841243,0.00165425993988279,0.00504702428654331,0.00155387925289949,0.00706714879888456,0.00394888384590867,0.00463834642510729,-0.00446831793021774,-7.07645916404625e-05,0.00181783977453476
"324",-0.00366700311501093,0.00446372907214843,-0.0169285329413834,-0.0684449402018481,0.0012495685959482,-0.0149232402819503,0.0544832002083646,-0.0867738358625725,0.0620730543919848,-0.0324012983539679,-0.0177259542745843
"325",0.00545061987854281,-0.0128070866891881,-0.00220815368617141,-0.00296734044499051,0.00327628940868869,0.000685281598849473,-0.00198021978665224,-0.0105869805844692,0.000259041004900284,0.00167646594687176,0.00209923938083372
"326",0.0246752727481224,0.0332710531316166,-0.0530491930965212,0.0528990235775608,0.00981935129985048,-0.0516351002486059,-0.0217564248840373,-0.0763899709282881,-0.0167026543358474,-0.134213559947394,0.051703889363308
"327",-0.0192334857585523,-0.0102863104307047,0.00905291955184087,-0.00514939372873136,0.00316334377811723,-0.00831121211344216,-0.00433889889948122,-0.000778398909281839,0.0122065927490266,0.00149349415501324,8.58214571329119e-05
"328",0.00912471462671586,-0.00193883030086625,0.0153844995562222,0.0607468704083052,0.00514954419865811,0.00805410285075204,-0.0313333991231431,0.0719563483842696,-0.063270877870256,0.0285897137910468,0.0240124556925479
"329",-3.59580921288938e-05,0.304764676661949,0.105868042447165,-0.187739838019935,-0.118531668010559,0.191264114838367,-0.124831800867318,-0.10953579171728,0.0269162239814453,-0.0606166065829422,0.119795503032015
"330",0.0495901383445153,-0.216238583372974,-0.11879043994367,0.0193149041102957,0.0732954003590021,-0.121080190079643,0.0625721710556722,0.0183126129286835,-0.101937149398807,0.0603547915167833,-0.0939484779104969
"331",0.0417523416587191,-0.318138975129588,-0.147212585954876,0.0659656516756591,0.107576985986099,-0.166356162647589,0.107397377750203,0.0499796160612448,-0.108268014506571,0.0925128864518079,-0.129864215746556
"332",0.0791297305755792,-0.018523220595501,0.00456713805529447,0.0162397000873892,-0.057711914550561,0.0965790619353461,0.088881734614127,-0.114074844775176,-0.274484327500307,0.110271568095018,-0.158413129905077
"333",-0.00202262371208715,0.00382310831251327,0.00646080683594703,0.000111837193198042,-0.00224313305894731,0.00927666624566503,0.00134592237311628,0.00263153429375527,0.00272025860291987,0.000646348822274764,-0.000781099086130424
"334",-0.00298382540719838,0.00278429945045289,0.00312594085070957,-0.00300961317332219,0.000323003455084044,0.00365062551663449,0.00475833133949737,0.00423218135749709,0.00426593080400607,0.000598465236445243,-0.00129780444628555
"335",-0.0160600896879252,-0.00433865211974537,-0.00392831737939899,0.0645984426732924,0.00234076536022731,0.001128293355418,-0.015019362944502,0.00941884396704076,0.015461680223578,-0.026473598336052,0.0170244112299403
"336",-0.0126053437924008,-0.00448826207071849,0.00418728661962184,0.000399975701350296,0.0119229019042015,-0.00714931389597988,-0.000279712198833491,-7.69911357663075e-05,0.00616274203275265,-0.00765135912046394,0.00924931032707932
"337",0.00364852350669472,-0.00119373040322592,-0.000582640707615597,-0.00479986105075417,-0.00247394795596345,-0.00262644476808288,0.0130009517739955,0.000606535698382507,0.00485384445265742,-0.00439119163119173,0.000163912541434719
"338",0.0214917031385987,-0.0124022076632776,-0.0128377739445868,-0.021430484520918,-0.0177941447137467,-0.0134375228362,-0.000785766618836302,-0.0171146225184933,0.00217836363520194,-0.0110604102966115,-0.00402686095939258
"339",-0.0134119767455249,-0.0301978836473598,-0.0144473227082083,0.0469552945286758,-0.000894739136300536,-0.0275671514804399,-0.0133081381147038,-0.0296270397242526,0.035836314113497,-0.0365989349220568,0.0191141656571008
"340",-0.0104084389638472,-0.00612655632865737,0.00449301890172583,-0.00467882796445315,-0.00341030505438177,0.0051938649591659,0.00241770132363792,-0.00347977323827902,0.00967343540327107,0.006378688841459,0.00259151689404807
"341",0.000190943386466398,-0.00767219308347973,-0.00118735332180646,0.0012345280851933,-0.00112227790454803,-0.0095492578659581,-0.0116235752524548,-0.00894437914436928,0.00448548744081956,-0.0126536672641834,0.000419251349575146
"342",-0.0798987471281017,0.0128148053950559,0.00837669361261219,-0.0181496856647056,0.0519325084676197,-0.0729279450008671,-0.087048832819979,0.110224932291929,0.244822021044479,-0.0928844306239622,0.148049599265824
"343",-0.0143757679049326,-0.0190172172647506,0.00327927760645403,-0.00072733011054435,0.00379543220072398,-0.00724623420411912,-0.021129206556597,-0.0188559910915029,0.0175990326038915,-0.000517167705344134,0.040559490621435
"344",0.0298205676405517,-0.024567805729925,-0.0234022946910175,-0.0993335865098837,0.027256531950255,-0.0512491778385256,-0.0049895488734734,-0.00886904338459596,-0.0266023014794717,0.00305588042141425,-0.0193615734382758
"345",0.000617160423145193,0.00218856360840501,0.000383097968625894,0.00367782731689241,-0.00527405757512894,0.0030948764701241,0.00124070372431266,-0.000873321353756929,-0.00541736894339451,0.000733830849336178,-0.0040916472415632
"346",0.256649606117662,0.166245567636774,-0.164761443606692,-0.000124048712521011,-0.0928818856382088,0.0265855109382348,0.16734581610789,-0.00614308493560789,0.126991451382551,0.0646348680524996,-0.0372682953996069
"347",0.00725690674049065,0.0055313896130474,-0.0070858813087527,0.00206281822423004,0.004424975942912,0.00892896386954867,0.00253533663735856,0.00467512656163469,-0.000654705453715579,0.00182243537642343,0.00693594429965926
"348",0.0123206023758813,0.010322751426493,-0.00548742180027416,0.00534705712750555,0.000546743569988593,0.0101095638826326,0.0035310060552712,0.0104756862196916,-0.0156079945313749,0.000528044971396991,-0.00499441019764519
"349",-0.0342149838762227,-0.0710662853240058,0.0177441788166526,0.0700873069000457,-0.0652707351555244,0.0461232015459318,-0.222968580090339,-0.2709046951373,0.093881737158407,-0.0887514879590761,-0.252025771945565
"350",0.270355577758826,0.0637269461761382,-0.258143037722916,0.0829386957266387,0.0529726345846653,0.00245225798254944,0.0697651488162364,0.000189569427874364,0.21430513052545,0.0564746596935503,0.105182973321276
"351",0.00580910362763979,0.0122369063341192,0.00414265385849137,-0.00236425876719258,-0.0124268766874807,0.00142177578797498,-0.00440131986009303,0.00234088696644077,-0.021763712417787,-0.0085263576218575,-0.00825073417334924
"352",0.00804793850943451,0.00072398593503272,-0.00666538940318236,-0.00264914377075946,0.00307007694789767,0.00556797389872284,0.00409874670399649,0.0070205922164664,-0.00325035444408379,0.00100283677428873,-0.00682244224632174
"353",-0.0025271202490974,0.000778424139275107,0.00169786083719306,-0.0011515652113409,0.000626387462070564,0.0047461499940769,-0.00026683844226071,0.000127462725015478,0.000700351802061214,0.000744300237756507,0.00513764991907892
"354",0.00315348028066705,-0.00552695154036066,0.00304964426772498,-0.0163216743463489,0.0112730030157515,0.00758390212830868,-0.0106564962152635,-0.00102065081594209,-0.00707836384078642,0.00414247027738068,0.00699827261432047
"355",-0.0114203652345116,0.00693486327264488,0.00835750867371813,-0.00375685739021908,0.00389746379384727,-0.0068764944609218,-0.00168660942756574,-0.00124966646467684,0.00710517299561268,0.00740212921316168,-0.0118731814621726
"356",0.00373785281774579,0.00380913727670006,-0.00128063310060158,-0.00320721384263653,0.00561513432391362,0.000593599111447291,0.00652789741764641,0.00181450591318412,0.00238606648329049,0.00671388848553196,0.00584251417664407
"357",0.035453296481199,0.0498980890384242,-0.0200188151314031,-0.056571684611187,0.0473927988298047,-0.0355181104128975,0.145886263603222,0.205163954469403,-0.075540976156349,0.0719145400858739,0.200163019967724
"358",-0.000231335118655469,0.00238644086864476,0.00200353673948771,-0.00496854205060531,-0.00319986583277168,0.00739140245652095,-0.00195381919604742,0.0105445503194047,0.00066140439018457,0.00539751439068928,-0.0103875984682632
"359",-0.00513978467085636,-0.00266331549313552,0.00355187550491196,0.00458598660889113,-0.00152910627620526,-0.000432765187139718,0.00364618531819968,-0.00399303008509079,0.00709033770476863,0.00279701287016234,-0.00334842272131684
"360",-0.0735731793211579,-0.145267730417737,-0.00142307939913273,-0.0416309744263999,-0.440709922342975,0.0156092491822192,0.241493705947927,0.0352549808834614,0.132912565067932,0.0830701451598885,0.0827211972432572
"361",0.00489956992754768,0.00872723085256575,-0.00342236171582749,-0.00864455979149922,-0.00217847153691318,0.00652578024659661,0.00174814099085372,0.0036468877276638,-0.00494307496333506,0.0071683765026941,0.00248787699076636
"362",0.00562756316875625,0.00327835151730095,-0.000757868235090325,0.00511561469707986,-0.00483598837796639,0.00588527786245613,-0.00648394483618086,0.00877518720233221,-0.00652934291671671,0.0105499992806251,-0.00739983376684618
"363",-0.00248352878837409,0.0119016573164075,0.000636298426687032,0.0114492151238698,-0.00521825160734394,0.00269761011816709,0.0036267612783098,0.00509808170667804,-0.00681611671808572,0.00205055555145139,-0.00625633759992547
"364",-0.00388291740764601,0.00241369791323473,0.0021519179675112,0.00591538249622055,0.004142315329559,0.00376264361955018,0.00180444910032439,0.000224099435488019,-0.00300415451976013,-0.00450265886666087,0.000715769529082874
"365",0.00171921318964302,0.000150816381040437,0.000551518298632486,-0.00252816138941794,-0.003731233228373,-0.00380815704389027,-0.00381986970711999,-0.000327098024147151,-0.00932049815118016,-0.00249688673717808,-0.00443278015713051
"366",-0.000637466613869078,0.000980404580949949,0.00699795257741524,0.00446162479983878,-0.00171703328075128,0.000803577631719676,0.00972260048762738,0.00254525462076966,0.00279521614021196,0.000104827251669659,-0.00771434726124437
"367",0.072410225474164,-0.0401941857773822,-0.0593271490628417,0.0615543373534599,-0.237609834886409,-0.0927429533948384,-0.119918482898589,-0.0797471798031967,-0.126541873275219,-0.0221305194671542,0.226872142248382
"368",0.000476874310477126,0.00092535049049353,0.00265731320315366,-0.00917785932187713,-0.00235888215487461,-0.00358726982066556,0.00530197344594741,-0.00466455635940839,0.00258000056196792,-0.00464414526735881,-0.0035742917424233
"369",-0.0599555324178693,0.0430179719787667,0.0434010444867302,-0.0460768866291034,0.22674655204004,0.0704969902892185,0.103695038821641,0.0769205001493066,0.113144197229694,0.020204043106248,-0.199339578187232
"370",-0.000881024743326873,0.00374903655235076,-0.00210293875626867,0.00671300051584156,0.0271181648232501,-0.00896110306743148,0.00721582237387082,-0.024496455065125,0.0294686442765049,-0.018151581861575,-0.00130755503439493
"371",-0.061433347184186,-0.016041600949329,0.0345295722860412,-0.0416050985463082,-0.0526640648603586,-0.0421983037287668,0.0401526670228707,-0.026024484504648,0.0430658246184936,0.00318471178856511,-0.0817206617651832
"372",-0.00287752753723874,-0.00241960044529548,0.00147910816108802,0.00261324548119527,-0.00291503368845388,0.00168791000403522,-0.00106145981335487,-0.00352442097318875,0.000372428003777819,-0.00262495886616561,0.000309959152573052
"373",-0.0173261687552934,-0.0223492634236783,-0.00843110356119542,-0.213997792099612,-0.0212709683498989,-0.0333113262075827,0.0646397206689103,0.258232866671469,-0.0458120190178304,-0.482937087787272,-0.0711461449505329
"374",-0.0407000861917791,0.071298798750219,0.0543594888073709,-0.151790554897816,0.00965964454543994,-0.0326144629554768,0.0247197604830899,-0.00969510883721296,0.0552945709369832,0.159849757469365,-0.0776356844002938
"375",-0.0819182534716128,0.198614752066168,0.0904445005158978,0.142386469502296,0.0662617270800391,0.165189038913581,0.0122106125333442,0.175856222992429,-0.0893622511621465,0.11930037301622,-0.034497239698605
"376",-0.00337290703440478,0.0242718223261943,0.0114787277454564,0.0165025920545819,0.0135323113708745,0.0101431931152508,-0.0118868064068029,0.00502031608919684,0.000933655380299619,0.00623842774589025,-0.00212225305294806
"377",-0.0544678535451513,0.00788352375023687,0.0469048935067648,0.0640872637223399,0.0453440542101625,0.0563169569708221,-0.0407637674118822,0.0160256808839305,0.00961195589616811,0.0236725424876378,0.00809965929999588
"378",0.059108643875023,0.0566625804485742,-0.00951699136412325,0.0260481539475666,0.166464344448666,-2.91186340831578e-05,-0.096815428726924,-0.0240941260700979,-0.0796744688728799,-0.0291335958942836,-0.0143634720099703
"379",-0.0084378219575456,-0.00429889338960758,0.00430618195143049,0.0110635213743414,-0.000762013042038699,0.00302552482957268,0.00417885369772201,-0.00431639237294897,0.00927293714297248,-0.00047568231009663,0.000805582412096812
"380",-0.0184612984279645,-0.00145929064030262,-0.0293627042867694,0.0928000954664977,0.0303476279518235,-0.0334691005667745,0.0473346642969603,-0.0543185837600194,0.0639365622004694,-0.178040537168918,-0.0241105765015245
"381",0.226807959827528,0.0391358811464759,-0.190314242301722,-0.297745304029195,0.0169542148191099,0.098906262523422,0.0251195855338925,-0.18793457361662,-0.110278619334887,-0.0727663674625973,-0.0543013341135622
"382",-0.0335249211594615,-0.200022439030153,0.0464148099394165,-0.208659617868417,0.14922122878936,0.0733272985143412,-0.0598454569428965,-0.117445178070507,0.0724363084350672,0.108897984396773,0.197959612253615
"383",-9.22300578759677e-05,0.00685029006103868,1.2792607175952e-05,0.0039225157595263,0.000755481153370682,0.00484030288007751,0.00310149007071349,0.000278602058811463,0.00112124767880536,-0.002200724490597,-0.00221202990962119
"384",0.0541282828592225,0.0732374842258876,-0.0399606533987806,-0.111436793123879,-0.00597995881128116,-0.0719152680267198,0.00245835272649639,-0.00109365723128965,-0.045156539126929,-0.0122203248954148,-0.0502679468286141
"385",-0.0157302652166482,-0.0369624627562209,-0.01022776513932,0.0589214041509874,-0.00530144006316932,-0.00631506687644196,-0.0370697166087918,-0.00191661605386612,0.0113945604758096,-0.0325714833096983,0.0244128577457841
"386",-0.00595919682283483,0.00289120622242141,0.00505315355165916,-0.000362746805772475,0.00158422684109176,0.00424759845751786,0.00152667646662039,0.0109886602647284,-0.00303567779669304,0.0176457156347232,-0.00369600233557892
"387",0.0373743385744827,0.015588713673432,-0.02182176511016,0.00796882069760919,-0.0150399773271039,0.0185108170155061,-0.00194847963637419,0.0149184172944478,-0.0324312496086301,-0.0114219391415761,0.0129557199599261
"388",0.013974504603931,-0.00324750083455949,-0.0171509211571558,0.038287106656806,-0.0136223455242453,-0.00878262786761622,-0.0174166670596937,-0.0022388669958922,-0.0018556556001818,-0.0132614101925918,0.0153779423413594
"389",-0.0244673038293847,0.00431746693271503,0.00758508072686154,0.0042834363816083,0.0168440888866493,0.00230075729963322,0.000405713906944917,0.00349695590779625,0.0226431321260256,-0.018033482126974,0.00539478104797663
"390",-0.00145558413212422,-0.00164182803409122,0.00175279550706262,0.00409545804225262,-0.00178767012616972,-0.000770930050049448,-0.00223767654894493,0.000501160822302565,0.00741571793357856,0.00374349832591962,0.00152103349795194
"391",-0.0239192967593696,-0.0290129900913212,0.0531978399029198,-0.0492818045635094,-0.00161639887412752,0.0628868999804136,0.0150490720141864,0.0804371268316651,0.0101368282348603,0.136666913941604,-0.0531313306987486
"392",-0.0051500952806339,-0.00640016428408424,-0.00172158171370062,-0.00193481657532673,0.0072116487384611,-0.00495850052063672,-0.00450038902294477,-0.00436502152013161,0.008549059257335,-0.00180456153204963,0.00448126076795079
"393",0.0283812849521027,0.130562349271568,-0.0176750692289165,-0.0779966038828747,-0.0730399146608812,-0.361643601140813,-0.234854500406191,0.0834501601326563,0.00979850580633001,0.126108679673777,-0.0706943592096742
"394",0.101861596236959,-0.185868139406534,-0.149672360289142,-0.0501906753775863,-0.132975194192534,0.302183980540044,-0.312079049345648,0.309944307275381,0.160940997800081,0.0931571104179683,-0.167648812852458
"395",0.00797833290459883,-0.00109495793058784,-0.00822444657839805,0.00284687492111115,0.000719952292970201,0.0026442675592626,-0.00505034294470155,-0.0028901654122734,-0.00179459128082603,-0.0071833728051419,0.00171858587699786
"396",0.00982771005686084,0.0151557420067668,0.000539230572052914,0.00107932269466213,-0.0138065928393845,-0.0115421034061336,0.0129324163810116,-0.00233486015520364,-0.0092767226394163,-0.00446116561180015,-0.0137568572179113
"397",0.0535254232916359,-0.0655642738775103,-0.0562517168910135,0.164090281856007,-0.0236145531062226,0.0570296742625301,-0.0456565701759481,0.0220750212024071,-0.0797036468322917,-0.152250372201037,0.0801310974130094
"398",0.000625659011430288,0.00729001274996717,0.00191786822259755,-0.000715815276901142,-0.00212443179933502,0.00679460022964008,0.00139232261873722,0.00399883977541405,-0.0048702040515573,-0.00223667417497521,-0.00527308360803454
"399",-0.0245981285183147,0.0101561907584889,0.0497850902863072,-0.0795320229298459,-0.00137967918802018,0.0612580141784613,-0.00164081751157802,0.0538917189483014,-0.06157666774231,0.0622575764963587,-0.0295601318018349
"400",-0.192869476477132,-0.00897170342386662,0.163900160456005,-0.167846065229276,-0.124489961935223,-0.067321770262866,0.10857817335902,-0.0297646287431365,0.0135314834869058,0.0163466336962994,-0.244237473395277
"401",0.0225426499663662,0.109863590204723,-0.0168300234864316,-0.0717797353955605,-0.0458764424508782,-0.284495866442533,-0.173518159152959,0.0783193566519534,0.00430814385339434,0.098640247383291,-0.0549296605618252
"402",0.000874633444605194,0.00376747242712471,-0.00207795051663464,-0.00114548398515776,0.00378716690752125,-0.00281233101559305,0.00285016836140745,0.000851347599111374,-0.00231032969312852,0.00339316159551767,0.000811502677313166
"403",0.00844800986569349,0.00359771185041475,-0.00543890739193718,0.00105342788962324,0.00421611593923505,-0.00277247929826891,0.00600836902325778,-0.0012318430588521,-0.00500286085037323,-0.00792755916987619,-0.00162709235468263
"404",0.0152685208056143,0.00653703841191946,-0.0111457540786698,0.00636250556268451,0.0010699962907034,0.0052573043258069,0.0172336690070112,0.00901226199669428,0.00460538325783602,0.00889177088801989,0.00415538741880972
"405",-0.0213413852226436,-0.15794252738194,0.0342992133836429,-0.17398303442219,0.118445603824074,0.0642488429236991,-0.040343846285614,-0.1076587530091,0.0657883900187468,0.0907867081470814,0.160443627344348
"406",-3.1104554415741e-05,-0.0958323569155036,0.0054313891079993,-0.234038882759063,0.0235627576833513,-0.022664761090019,-0.0195079779307845,0.138848919667498,-0.241999522177394,0.0339741447546481,0.0474738949663929
"407",-0.00700263727989045,0.00216204709759215,0.00762571185967675,0.00428122571867561,0.0075200241583944,0.00547212550202003,0.00303434681330657,0.000750892173376961,0.00343479377780074,0.000328830866775433,0.000324881901737083
"408",0.00577188323343478,0.00580954811473374,-0.00870169367116338,0.00171192516048697,0.00686199401147398,0.00251678442707214,-0.000992711311721796,0.0049432735435998,0.00466212301954133,-0.000826623646000274,0.00391596647639865
"409",0.00644170286006603,0.00174539874107755,-0.00758397991551055,0.00161584831184163,0.00529466357765112,0.00362709025900886,-0.00318204439599041,0.00316466547876211,-0.00572187889706025,0.000336865855282186,0.00511671019297835
"410",-0.00495497462536648,0.00218340891698016,0.00248716960855446,-4.32853816869011e-05,0.00218179361094005,-0.00994039838056451,0.0110939896902228,-0.00768183575760663,0.00782499498101607,-0.000850733662117528,0.00779272122326977
"411",0.00298443096061731,0.00730520076935436,-0.00292942253686818,-0.00374546962618115,0.00614663433970244,-0.00050552687073199,0.00497522211691618,0.000777241093879532,0.00513994996462348,0.000137867148849194,-0.00289327827396212
