"","groups"
"1",1
"2",1
"3",1
"4",1
"5",2
"6",2
"7",3
"8",3
"9",4
"10",4
"11",4
"12",4
"13",4
"14",4
"15",4
"16",4
"17",4
"18",4
"19",4
"20",4
"21",5
"22",4
"23",4
"24",4
"25",4
"26",4
"27",4
"28",4
"29",4
"30",4
"31",4
"32",4
"33",4
"34",4
"35",4
"36",4
"37",4
"38",4
"39",4
"40",4
"41",4
"42",4
"43",4
"44",4
"45",4
"46",4
"47",4
"48",4
"49",4
"50",4
"51",4
"52",4
"53",4
"54",4
"55",4
"56",4
"57",4
"58",4
"59",4
"60",4
"61",4
"62",4
"63",4
"64",4
"65",4
"66",4
"67",4
"68",4
"69",4
"70",4
"71",4
"72",4
"73",4
"74",4
"75",4
"76",4
"77",4
"78",4
"79",6
"80",6
"81",6
"82",7
"83",2
"84",7
"85",7
"86",8
"87",8
"88",9
"89",9
"90",8
"91",7
"92",2
"93",1
"94",6
"95",6
"96",2
"97",6
"98",7
"99",2
"100",8
"101",2
"102",7
"103",7
"104",8
"105",8
"106",1
"107",10
"108",6
"109",9
"110",7
"111",7
"112",6
"113",11
"114",7
"115",2
"116",2
"117",6
"118",11
"119",6
"120",6
"121",8
"122",2
"123",6
"124",6
"125",2
"126",6
"127",6
"128",2
"129",7
"130",8
"131",8
"132",6
"133",2
"134",2
"135",6
"136",7
"137",2
"138",8
"139",8
"140",9
"141",8
"142",6
"143",6
"144",8
"145",8
"146",11
"147",2
"148",7
"149",1
"150",1
"151",8
"152",7
"153",8
"154",8
"155",7
"156",8
"157",2
"158",8
"159",8
"160",6
"161",6
"162",7
"163",8
"164",8
"165",8
"166",6
"167",2
"168",7
"169",6
"170",7
"171",8
"172",8
"173",6
"174",7
"175",1
"176",8
"177",2
"178",8
"179",1
"180",1
"181",10
"182",1
"183",1
"184",3
"185",3
"186",10
"187",1
"188",1
"189",3
"190",3
"191",3
"192",1
"193",3
"194",1
"195",1
"196",1
"197",1
"198",1
"199",1
"200",3
"201",1
"202",1
"203",1
"204",1
"205",1
"206",1
"207",1
"208",1
"209",1
"210",1
"211",3
"212",3
"213",1
"214",3
"215",1
"216",10
"217",1
"218",1
"219",3
"220",1
"221",3
"222",1
"223",1
"224",1
"225",1
"226",3
"227",2
"228",9
"229",3
"230",1
"231",1
"232",1
"233",1
"234",1
"235",1
"236",1
"237",12
"238",1
"239",1
"240",1
"241",1
"242",1
"243",1
"244",10
"245",1
"246",1
"247",1
"248",1
"249",1
"250",1
"251",1
"252",1
"253",1
"254",1
"255",1
"256",1
"257",1
"258",1
"259",1
"260",1
"261",1
"262",1
"263",1
"264",1
"265",1
"266",1
"267",1
"268",1
"269",1
"270",1
"271",1
"272",1
"273",1
"274",1
"275",1
"276",1
"277",3
"278",1
"279",1
"280",1
"281",1
"282",1
"283",6
"284",3
"285",1
"286",1
"287",1
"288",1
"289",1
"290",1
"291",1
"292",1
"293",3
"294",1
"295",1
"296",1
"297",1
"298",1
"299",1
"300",9
"301",1
"302",1
"303",1
"304",1
"305",1
"306",1
"307",1
"308",1
"309",3
"310",1
"311",1
"312",3
"313",1
"314",1
"315",1
"316",10
"317",1
"318",1
"319",3
"320",1
"321",1
"322",1
"323",3
"324",3
"325",1
"326",1
"327",1
"328",1
"329",1
"330",1
"331",1
"332",1
"333",1
"334",1
"335",1
"336",1
"337",6
"338",12
"339",1
"340",1
"341",1
"342",1
"343",1
"344",1
"345",1
"346",1
"347",6
"348",12
"349",12
"350",12
"351",12
"352",12
"353",12
"354",12
"355",12
"356",9
"357",9
"358",10
"359",3
"360",6
"361",10
"362",3
"363",9
"364",1
"365",13
"366",3
"367",3
"368",10
"369",3
"370",3
"371",9
"372",3
"373",3
"374",9
"375",6
"376",3
"377",3
"378",9
"379",3
"380",10
"381",9
"382",10
"383",8
"384",3
"385",9
"386",9
"387",1
"388",3
"389",10
"390",2
"391",3
"392",9
"393",3
"394",10
"395",1
"396",1
"397",10
"398",3
"399",10
"400",3
"401",3
"402",10
"403",3
"404",10
"405",3
"406",3
"407",10
"408",2
"409",10
"410",2
"411",9
"412",9
"413",9
"414",10
"415",9
"416",9
"417",8
"418",3
"419",7
"420",2
"421",9
"422",8
"423",1
"424",3
"425",3
"426",10
"427",3
"428",1
"429",2
"430",3
"431",1
"432",10
"433",10
"434",1
"435",3
"436",6
"437",1
"438",1
"439",9
"440",9
"441",1
"442",1
"443",3
"444",3
"445",8
"446",9
"447",1
"448",6
"449",3
"450",3
"451",1
"452",1
"453",3
"454",3
"455",1
"456",1
"457",9
"458",3
"459",9
"460",10
"461",10
"462",6
"463",3
"464",1
"465",1
"466",3
"467",6
"468",1
"469",3
"470",1
"471",10
"472",10
"473",10
"474",3
"475",1
"476",10
"477",3
"478",10
"479",1
"480",10
"481",10
"482",10
"483",3
"484",3
"485",10
"486",8
"487",8
"488",8
"489",8
"490",8
"491",8
"492",1
"493",8
"494",2
"495",8
"496",8
"497",8
"498",8
"499",8
"500",8
"501",8
"502",8
"503",12
"504",8
"505",2
"506",8
"507",8
"508",8
"509",8
"510",8
"511",8
"512",8
"513",8
"514",8
"515",8
"516",8
"517",8
"518",8
"519",8
"520",8
"521",8
"522",8
"523",8
"524",8
"525",8
"526",1
"527",8
"528",8
"529",8
"530",8
"531",8
"532",8
"533",8
"534",9
"535",9
"536",9
"537",6
"538",10
"539",7
"540",3
"541",9
"542",6
"543",9
"544",3
"545",9
"546",7
"547",9
"548",7
"549",6
"550",6
"551",6
"552",7
"553",6
"554",3
"555",6
"556",9
"557",9
"558",9
"559",9
"560",6
"561",6
"562",9
"563",10
"564",9
"565",6
"566",3
"567",10
"568",3
"569",3
"570",9
"571",9
"572",9
"573",9
"574",9
"575",6
"576",1
"577",1
"578",9
"579",9
"580",9
"581",10
"582",3
"583",9
"584",6
"585",3
"586",9
"587",6
"588",6
"589",6
"590",9
"591",6
"592",6
"593",6
"594",6
"595",6
"596",6
"597",6
"598",9
"599",6
"600",6
"601",9
"602",6
"603",6
"604",6
"605",4
"606",6
"607",6
"608",6
"609",9
"610",9
"611",9
"612",6
"613",3
"614",9
"615",3
"616",6
"617",9
"618",12
"619",1
"620",12
"621",3
"622",12
"623",12
"624",12
"625",12
"626",3
"627",12
"628",12
"629",12
"630",1
"631",12
"632",12
"633",1
"634",12
"635",12
"636",12
"637",12
"638",1
"639",1
"640",1
"641",1
"642",1
"643",1
"644",13
"645",1
"646",1
"647",1
"648",1
"649",1
"650",10
"651",3
"652",3
"653",1
"654",1
"655",1
"656",3
"657",9
"658",9
"659",9
"660",3
"661",1
"662",6
"663",6
"664",13
"665",1
"666",1
"667",6
"668",1
"669",1
"670",1
"671",1
"672",1
"673",1
"674",1
"675",6
"676",1
"677",1
"678",1
"679",1
"680",1
"681",1
"682",8
"683",1
"684",1
"685",1
"686",1
"687",3
"688",1
"689",6
"690",1
"691",1
"692",1
"693",1
"694",1
"695",1
"696",8
"697",3
"698",6
"699",1
"700",6
"701",1
"702",1
"703",6
"704",1
"705",1
"706",1
"707",1
"708",6
"709",6
"710",6
"711",3
"712",3
"713",6
"714",9
"715",1
"716",1
"717",1
"718",3
"719",6
"720",6
"721",1
"722",6
"723",6
"724",1
"725",1
"726",1
"727",1
"728",1
"729",1
"730",1
"731",1
"732",1
"733",1
"734",1
"735",13
"736",1
"737",1
"738",1
"739",1
"740",3
"741",1
"742",1
"743",1
"744",1
"745",1
"746",1
"747",3
"748",1
"749",3
"750",1
"751",1
"752",6
"753",6
"754",6
"755",6
"756",1
"757",1
"758",1
"759",1
"760",1
"761",1
"762",9
"763",3
"764",9
"765",1
"766",1
"767",1
"768",1
"769",1
"770",6
"771",1
"772",1
"773",1
"774",1
"775",9
"776",1
"777",6
"778",3
"779",1
"780",1
"781",6
"782",6
"783",1
"784",1
"785",6
"786",1
"787",1
"788",1
"789",6
"790",1
"791",1
"792",1
"793",6
"794",1
"795",6
"796",1
"797",11
"798",11
"799",11
"800",11
"801",11
"802",11
"803",7
"804",11
"805",11
"806",13
"807",7
"808",13
"809",13
"810",13
"811",11
"812",11
"813",13
"814",13
"815",13
"816",13
"817",11
"818",11
"819",11
"820",11
"821",13
"822",11
"823",11
"824",13
"825",11
"826",13
"827",13
"828",13
"829",13
"830",11
"831",11
"832",7
"833",11
"834",9
"835",11
"836",6
"837",11
"838",11
"839",13
"840",11
"841",9
"842",11
"843",13
"844",11
"845",13
"846",6
"847",11
"848",11
"849",11
"850",11
"851",11
"852",13
"853",11
"854",13
"855",6
"856",11
"857",11
"858",11
"859",13
"860",11
"861",11
"862",11
"863",13
"864",11
"865",6
"866",11
"867",11
"868",13
"869",13
"870",11
"871",9
"872",13
"873",11
"874",11
"875",13
"876",13
"877",11
"878",13
"879",13
"880",13
"881",9
"882",13
"883",13
"884",13
"885",6
"886",13
"887",13
"888",13
"889",13
"890",13
"891",13
"892",13
"893",11
"894",1
"895",11
"896",13
"897",13
"898",13
"899",13
"900",13
"901",11
"902",13
"903",11
"904",11
"905",11
"906",13
"907",11
"908",11
"909",11
"910",11
"911",13
"912",13
"913",13
"914",13
"915",11
"916",13
"917",13
"918",11
"919",13
"920",13
"921",11
"922",11
"923",13
"924",11
"925",11
"926",13
"927",11
"928",13
"929",13
"930",13
"931",13
"932",13
"933",13
"934",13
"935",13
"936",13
"937",13
"938",13
"939",13
"940",13
"941",11
"942",13
"943",13
"944",11
"945",11
"946",11
"947",11
"948",13
"949",13
"950",11
"951",11
"952",11
"953",11
"954",13
"955",13
"956",13
"957",13
"958",11
"959",13
"960",11
"961",11
"962",11
"963",11
"964",13
"965",11
"966",11
"967",11
"968",11
"969",11
"970",11
"971",11
"972",11
"973",11
"974",11
"975",11
"976",11
"977",11
"978",7
"979",11
"980",11
"981",11
"982",11
"983",11
"984",11
"985",11
"986",11
"987",3
"988",10
"989",8
"990",2
"991",8
"992",2
"993",7
"994",8
"995",8
"996",3
"997",3
"998",6
"999",8
"1000",8
"1001",1
"1002",3
"1003",8
"1004",8
"1005",8
"1006",1
"1007",2
"1008",8
"1009",8
"1010",1
"1011",8
"1012",1
"1013",1
"1014",8
"1015",8
"1016",8
"1017",9
"1018",8
"1019",1
"1020",1
"1021",8
"1022",8
"1023",8
"1024",8
"1025",8
"1026",8
"1027",8
"1028",8
"1029",1
"1030",8
"1031",8
"1032",8
"1033",8
"1034",8
"1035",8
"1036",8
"1037",8
"1038",8
"1039",1
"1040",1
"1041",8
"1042",8
"1043",8
"1044",8
"1045",8
"1046",8
"1047",8
"1048",8
"1049",8
"1050",8
"1051",8
"1052",8
"1053",8
"1054",8
"1055",8
"1056",8
"1057",8
"1058",8
"1059",8
"1060",8
"1061",8
"1062",8
"1063",8
"1064",1
"1065",8
"1066",8
"1067",8
"1068",2
"1069",8
"1070",8
"1071",8
"1072",8
"1073",1
"1074",8
"1075",8
"1076",8
"1077",8
"1078",8
"1079",1
"1080",3
"1081",8
"1082",8
"1083",8
"1084",8
"1085",8
"1086",1
"1087",8
"1088",8
"1089",8
"1090",8
"1091",8
"1092",8
"1093",8
"1094",8
"1095",8
"1096",8
"1097",8
"1098",8
"1099",8
"1100",1
"1101",1
"1102",8
"1103",8
"1104",1
"1105",8
"1106",8
"1107",8
"1108",8
"1109",8
"1110",8
"1111",8
"1112",8
"1113",8
"1114",1
"1115",1
"1116",8
"1117",1
"1118",8
"1119",8
"1120",8
"1121",8
"1122",8
"1123",1
"1124",8
"1125",8
"1126",8
"1127",8
"1128",8
"1129",8
"1130",8
"1131",8
"1132",8
"1133",8
"1134",8
"1135",1
"1136",2
"1137",8
"1138",8
"1139",8
"1140",8
"1141",8
"1142",8
"1143",12
"1144",1
"1145",8
"1146",8
"1147",2
"1148",8
"1149",8
"1150",8
"1151",8
"1152",8
"1153",8
"1154",8
"1155",8
"1156",8
"1157",8
"1158",8
"1159",8
"1160",8
"1161",8
"1162",8
"1163",8
"1164",8
"1165",8
"1166",8
"1167",8
"1168",8
"1169",8
"1170",8
"1171",8
"1172",8
"1173",8
"1174",8
"1175",8
"1176",8
"1177",8
"1178",8
"1179",8
"1180",8
"1181",8
"1182",8
"1183",8
"1184",8
"1185",8
"1186",8
"1187",8
"1188",8
"1189",8
"1190",8
"1191",8
"1192",8
"1193",1
"1194",8
"1195",8
"1196",8
"1197",8
"1198",8
"1199",8
"1200",8
"1201",8
"1202",9
"1203",8
"1204",8
"1205",8
"1206",8
"1207",8
"1208",8
"1209",1
"1210",8
"1211",8
"1212",8
"1213",8
"1214",1
"1215",8
"1216",8
"1217",8
"1218",8
"1219",8
"1220",8
"1221",8
"1222",8
"1223",8
"1224",8
"1225",8
"1226",8
"1227",8
"1228",8
"1229",8
"1230",8
"1231",8
"1232",8
"1233",8
"1234",8
"1235",8
"1236",8
"1237",8
"1238",8
"1239",8
"1240",1
"1241",1
"1242",8
"1243",8
"1244",8
"1245",1
"1246",8
"1247",8
"1248",8
"1249",8
"1250",8
"1251",8
"1252",8
"1253",1
"1254",1
"1255",8
"1256",8
"1257",1
"1258",1
"1259",8
"1260",8
"1261",8
"1262",8
"1263",8
"1264",8
"1265",8
"1266",1
"1267",1
"1268",8
"1269",8
"1270",8
"1271",8
"1272",8
"1273",8
"1274",8
"1275",8
"1276",1
"1277",8
"1278",8
"1279",8
"1280",8
"1281",8
"1282",8
"1283",8
"1284",8
"1285",8
"1286",8
"1287",8
"1288",1
"1289",8
"1290",8
"1291",1
"1292",8
"1293",8
"1294",8
"1295",8
"1296",8
"1297",8
"1298",8
"1299",8
"1300",8
"1301",8
"1302",8
"1303",8
"1304",8
"1305",8
"1306",1
"1307",8
"1308",2
"1309",8
"1310",8
"1311",8
"1312",8
"1313",8
"1314",8
"1315",8
"1316",8
"1317",8
"1318",8
"1319",8
"1320",8
"1321",1
"1322",8
"1323",8
"1324",1
"1325",8
"1326",8
"1327",8
"1328",8
"1329",8
"1330",8
"1331",8
"1332",8
"1333",8
"1334",8
"1335",8
"1336",8
"1337",8
"1338",6
"1339",8
"1340",8
"1341",8
"1342",8
"1343",8
"1344",8
"1345",8
"1346",8
"1347",8
"1348",8
"1349",8
"1350",8
"1351",8
"1352",8
"1353",8
"1354",8
"1355",8
"1356",8
"1357",8
"1358",8
"1359",8
"1360",8
"1361",8
"1362",8
"1363",8
"1364",3
"1365",8
"1366",8
"1367",8
"1368",8
"1369",8
"1370",8
"1371",8
"1372",8
"1373",8
"1374",1
"1375",8
"1376",8
"1377",8
"1378",8
"1379",8
"1380",1
"1381",8
"1382",2
"1383",8
"1384",8
"1385",8
"1386",8
"1387",8
"1388",8
"1389",1
"1390",1
"1391",8
"1392",8
"1393",8
"1394",1
"1395",8
"1396",8
"1397",8
"1398",8
"1399",8
"1400",8
"1401",9
"1402",8
"1403",8
"1404",8
"1405",8
"1406",8
"1407",8
"1408",8
"1409",2
"1410",8
"1411",8
"1412",1
"1413",1
"1414",8
"1415",8
"1416",10
"1417",8
"1418",8
"1419",8
"1420",8
"1421",2
"1422",8
"1423",8
"1424",1
"1425",1
"1426",2
"1427",2
"1428",1
"1429",7
"1430",7
"1431",7
"1432",8
"1433",2
"1434",8
"1435",8
"1436",2
"1437",2
"1438",1
"1439",1
"1440",8
"1441",7
"1442",8
"1443",2
"1444",1
"1445",2
"1446",1
"1447",8
"1448",2
"1449",2
"1450",2
"1451",7
"1452",11
"1453",11
"1454",11
"1455",11
"1456",13
"1457",13
"1458",13
"1459",13
"1460",13
"1461",13
"1462",13
"1463",13
"1464",13
"1465",13
"1466",10
"1467",13
"1468",13
"1469",13
"1470",10
"1471",13
"1472",13
"1473",13
"1474",13
"1475",9
"1476",13
"1477",13
"1478",13
"1479",13
"1480",13
"1481",13
"1482",13
"1483",13
"1484",13
"1485",13
"1486",13
"1487",1
"1488",13
"1489",13
"1490",13
"1491",13
"1492",13
"1493",13
"1494",13
"1495",13
"1496",13
"1497",13
"1498",13
"1499",13
"1500",13
"1501",13
"1502",13
"1503",13
"1504",13
"1505",13
"1506",13
"1507",1
"1508",1
"1509",1
"1510",8
"1511",1
"1512",1
"1513",8
"1514",3
"1515",3
"1516",3
"1517",1
"1518",1
"1519",1
"1520",8
"1521",1
"1522",1
"1523",3
"1524",1
"1525",3
"1526",1
"1527",1
"1528",1
"1529",3
"1530",3
"1531",1
"1532",1
"1533",1
"1534",8
"1535",1
"1536",4
"1537",1
"1538",4
"1539",9
"1540",4
"1541",2
"1542",1
"1543",1
"1544",1
"1545",4
"1546",1
"1547",1
"1548",1
"1549",8
"1550",1
"1551",3
"1552",1
"1553",3
"1554",1
"1555",1
"1556",3
"1557",1
"1558",3
"1559",1
"1560",8
"1561",1
"1562",1
"1563",3
"1564",1
"1565",8
"1566",1
"1567",3
"1568",3
"1569",8
"1570",1
"1571",3
"1572",8
"1573",8
"1574",9
"1575",3
"1576",3
"1577",1
"1578",1
"1579",3
"1580",3
"1581",8
"1582",1
"1583",1
"1584",3
"1585",1
"1586",1
"1587",1
"1588",9
"1589",1
"1590",9
"1591",3
"1592",1
"1593",8
"1594",8
"1595",1
"1596",3
"1597",1
"1598",3
"1599",1
"1600",1
"1601",8
"1602",3
"1603",1
"1604",1
"1605",3
"1606",1
"1607",1
"1608",1
"1609",1
"1610",1
"1611",8
"1612",1
"1613",1
"1614",3
"1615",3
"1616",3
"1617",3
"1618",3
"1619",3
"1620",3
"1621",3
"1622",3
"1623",1
"1624",3
"1625",3
"1626",3
"1627",3
"1628",3
"1629",3
"1630",3
"1631",3
"1632",3
"1633",3
"1634",3
"1635",10
"1636",3
"1637",3
"1638",7
"1639",3
"1640",3
"1641",3
"1642",3
"1643",1
"1644",3
"1645",3
"1646",3
"1647",3
"1648",3
"1649",1
"1650",9
"1651",3
"1652",8
"1653",10
"1654",3
"1655",3
"1656",3
"1657",3
"1658",1
"1659",9
"1660",1
"1661",6
"1662",3
"1663",8
"1664",3
"1665",3
"1666",1
"1667",3
"1668",6
"1669",3
"1670",3
"1671",3
"1672",1
"1673",3
"1674",3
"1675",6
"1676",3
"1677",3
"1678",1
"1679",3
"1680",3
"1681",3
"1682",3
"1683",3
"1684",6
"1685",10
"1686",3
"1687",3
"1688",3
"1689",3
"1690",3
"1691",3
"1692",3
"1693",3
"1694",3
"1695",3
"1696",3
"1697",1
"1698",3
"1699",1
"1700",3
"1701",3
"1702",3
"1703",3
"1704",3
"1705",1
"1706",3
"1707",3
"1708",3
"1709",3
"1710",3
"1711",2
"1712",3
"1713",8
"1714",1
"1715",3
"1716",3
"1717",3
"1718",3
"1719",3
"1720",3
"1721",4
"1722",3
"1723",3
"1724",8
"1725",3
"1726",1
"1727",3
"1728",3
"1729",1
"1730",3
"1731",1
"1732",3
"1733",3
"1734",1
"1735",9
"1736",3
"1737",3
"1738",3
"1739",10
"1740",3
"1741",3
"1742",3
"1743",3
"1744",3
"1745",3
"1746",3
"1747",3
"1748",1
"1749",3
"1750",9
"1751",8
"1752",9
"1753",3
"1754",3
"1755",3
"1756",10
"1757",3
"1758",3
"1759",3
"1760",9
"1761",1
"1762",10
"1763",3
"1764",9
"1765",3
"1766",3
"1767",3
"1768",3
"1769",3
"1770",3
"1771",10
"1772",1
"1773",9
"1774",3
"1775",10
"1776",3
"1777",3
"1778",6
"1779",6
"1780",9
"1781",9
"1782",1
"1783",1
"1784",1
"1785",3
"1786",3
"1787",6
"1788",1
"1789",3
"1790",9
"1791",1
"1792",1
"1793",1
"1794",3
"1795",3
"1796",1
"1797",1
"1798",9
"1799",1
"1800",3
"1801",6
"1802",3
"1803",6
"1804",3
"1805",3
"1806",10
"1807",3
"1808",1
"1809",3
"1810",1
"1811",1
"1812",3
"1813",1
"1814",9
"1815",1
"1816",3
"1817",1
"1818",1
"1819",3
"1820",1
"1821",8
"1822",3
"1823",6
"1824",1
"1825",1
"1826",1
"1827",6
"1828",6
"1829",1
"1830",6
"1831",3
"1832",3
"1833",9
"1834",10
"1835",6
"1836",1
"1837",9
"1838",6
"1839",10
"1840",1
"1841",9
"1842",10
"1843",10
"1844",6
"1845",3
"1846",1
"1847",9
"1848",3
"1849",1
"1850",6
"1851",1
"1852",3
"1853",9
"1854",3
"1855",9
"1856",3
"1857",3
"1858",6
"1859",10
"1860",3
"1861",9
"1862",10
"1863",10
"1864",3
"1865",9
"1866",13
"1867",3
"1868",3
"1869",2
"1870",9
"1871",9
"1872",9
"1873",3
"1874",8
"1875",2
"1876",3
"1877",3
"1878",3
"1879",3
"1880",3
"1881",1
"1882",1
"1883",1
"1884",3
"1885",3
"1886",1
"1887",1
"1888",1
"1889",1
"1890",3
"1891",3
"1892",3
"1893",3
"1894",1
"1895",3
"1896",1
"1897",1
"1898",3
"1899",1
"1900",1
"1901",10
"1902",3
"1903",1
"1904",1
"1905",3
"1906",1
"1907",3
"1908",1
"1909",1
"1910",3
"1911",3
"1912",6
"1913",3
"1914",3
"1915",3
"1916",6
"1917",3
"1918",6
"1919",3
"1920",3
"1921",3
"1922",3
"1923",1
"1924",1
"1925",3
"1926",1
"1927",3
"1928",1
"1929",3
"1930",1
"1931",1
"1932",1
"1933",10
"1934",3
"1935",1
"1936",6
"1937",1
"1938",1
"1939",1
"1940",1
"1941",3
"1942",3
"1943",8
"1944",9
"1945",1
"1946",1
"1947",1
"1948",3
"1949",9
"1950",1
"1951",1
"1952",3
"1953",1
"1954",3
"1955",1
"1956",1
"1957",3
"1958",1
"1959",1
"1960",7
"1961",7
"1962",7
"1963",7
"1964",2
"1965",7
"1966",7
"1967",7
"1968",7
"1969",7
"1970",7
"1971",7
"1972",7
"1973",7
"1974",7
"1975",7
"1976",7
"1977",7
"1978",7
"1979",7
"1980",7
"1981",7
"1982",6
"1983",6
"1984",6
"1985",1
"1986",6
"1987",1
"1988",3
"1989",3
"1990",3
"1991",9
"1992",6
"1993",6
"1994",6
"1995",6
"1996",3
"1997",6
"1998",6
"1999",6
"2000",6
"2001",6
"2002",6
"2003",3
"2004",6
"2005",10
"2006",6
"2007",7
"2008",6
"2009",6
"2010",6
"2011",6
"2012",6
"2013",6
"2014",3
"2015",6
"2016",6
"2017",3
"2018",6
"2019",1
"2020",3
"2021",6
"2022",6
"2023",3
"2024",3
"2025",6
"2026",7
"2027",7
"2028",6
"2029",6
"2030",6
"2031",6
"2032",6
"2033",6
"2034",6
"2035",6
"2036",6
"2037",3
"2038",7
"2039",6
"2040",6
"2041",6
"2042",6
"2043",6
"2044",3
"2045",3
"2046",6
"2047",7
"2048",7
"2049",6
"2050",4
"2051",6
"2052",6
"2053",6
"2054",1
"2055",6
"2056",10
"2057",6
"2058",1
"2059",9
"2060",3
"2061",3
"2062",9
"2063",6
"2064",6
"2065",3
"2066",10
"2067",1
"2068",9
"2069",3
"2070",1
"2071",6
"2072",6
"2073",9
"2074",10
"2075",9
"2076",3
"2077",9
"2078",9
"2079",9
"2080",3
"2081",9
"2082",1
"2083",6
"2084",9
"2085",9
"2086",1
"2087",1
"2088",9
"2089",1
"2090",9
"2091",3
"2092",1
"2093",3
"2094",6
"2095",3
"2096",3
"2097",3
"2098",9
"2099",3
"2100",3
"2101",9
"2102",1
"2103",9
"2104",6
"2105",6
"2106",3
"2107",3
"2108",4
"2109",4
"2110",4
"2111",4
"2112",4
"2113",4
"2114",4
"2115",4
"2116",4
"2117",4
"2118",12
"2119",11
"2120",11
"2121",11
"2122",13
"2123",11
"2124",11
"2125",13
"2126",11
"2127",13
"2128",11
"2129",2
"2130",8
"2131",11
"2132",11
"2133",2
"2134",11
"2135",7
"2136",7
"2137",7
"2138",7
"2139",2
"2140",2
"2141",2
"2142",2
"2143",2
"2144",2
"2145",2
"2146",2
"2147",2
"2148",3
"2149",8
"2150",2
"2151",2
"2152",2
"2153",7
"2154",2
"2155",8
"2156",2
"2157",2
"2158",2
"2159",2
"2160",2
"2161",2
"2162",8
"2163",2
"2164",8
"2165",2
"2166",2
"2167",2
"2168",2
"2169",2
"2170",2
"2171",2
"2172",2
"2173",8
"2174",2
"2175",2
"2176",2
"2177",2
"2178",2
"2179",2
"2180",2
"2181",2
"2182",2
"2183",2
"2184",2
"2185",2
"2186",2
"2187",2
"2188",2
"2189",2
"2190",2
"2191",1
"2192",2
"2193",2
"2194",7
"2195",2
"2196",2
"2197",2
"2198",6
"2199",2
"2200",2
"2201",2
"2202",6
"2203",8
"2204",2
"2205",2
"2206",2
"2207",2
"2208",2
"2209",2
"2210",2
"2211",2
"2212",2
"2213",2
"2214",2
"2215",2
"2216",2
"2217",7
"2218",2
"2219",2
"2220",2
"2221",10
"2222",2
"2223",2
"2224",2
"2225",2
"2226",2
"2227",2
"2228",2
"2229",2
"2230",2
"2231",2
"2232",2
"2233",2
"2234",2
"2235",2
"2236",8
"2237",2
"2238",2
"2239",8
"2240",2
"2241",2
"2242",2
"2243",2
"2244",2
"2245",2
"2246",2
"2247",2
"2248",2
"2249",2
"2250",2
"2251",2
"2252",2
"2253",2
"2254",2
"2255",2
"2256",2
"2257",2
"2258",7
"2259",7
"2260",2
"2261",2
"2262",2
"2263",2
"2264",2
"2265",2
"2266",2
"2267",7
"2268",2
"2269",2
"2270",2
"2271",2
"2272",2
"2273",2
"2274",8
"2275",2
"2276",2
"2277",2
"2278",2
"2279",2
"2280",8
"2281",2
"2282",2
"2283",2
"2284",2
"2285",2
"2286",2
"2287",7
"2288",7
"2289",7
"2290",7
"2291",2
"2292",7
"2293",7
"2294",7
"2295",7
"2296",7
"2297",11
"2298",7
"2299",2
"2300",2
"2301",2
"2302",2
"2303",2
"2304",2
"2305",8
"2306",8
"2307",8
"2308",2
"2309",2
"2310",2
"2311",2
"2312",7
"2313",7
"2314",7
"2315",7
"2316",2
"2317",2
"2318",7
"2319",2
"2320",2
"2321",2
"2322",7
"2323",2
"2324",2
"2325",2
"2326",8
"2327",2
"2328",2
"2329",2
"2330",2
"2331",2
"2332",2
"2333",2
"2334",2
"2335",2
"2336",2
"2337",8
"2338",2
"2339",8
"2340",2
"2341",7
"2342",2
"2343",2
"2344",2
"2345",7
"2346",2
"2347",2
"2348",8
"2349",2
"2350",8
"2351",2
"2352",2
"2353",8
"2354",7
"2355",7
"2356",7
"2357",7
"2358",7
"2359",2
"2360",2
"2361",2
"2362",2
"2363",2
"2364",2
"2365",2
"2366",2
"2367",2
"2368",2
"2369",2
"2370",7
"2371",7
"2372",2
"2373",2
"2374",2
"2375",2
"2376",2
"2377",2
"2378",7
"2379",2
"2380",2
"2381",2
"2382",8
"2383",2
"2384",2
"2385",7
"2386",2
"2387",2
"2388",7
"2389",7
"2390",2
"2391",7
"2392",7
"2393",7
"2394",7
"2395",7
"2396",2
"2397",7
"2398",8
"2399",8
"2400",7
"2401",8
"2402",8
"2403",1
"2404",1
"2405",1
"2406",1
"2407",1
"2408",3
"2409",3
"2410",3
"2411",1
"2412",1
"2413",1
"2414",3
"2415",1
"2416",1
"2417",3
"2418",3
"2419",10
"2420",1
"2421",1
"2422",3
"2423",1
"2424",10
"2425",1
"2426",10
"2427",3
"2428",1
"2429",1
"2430",3
"2431",1
"2432",3
"2433",1
"2434",1
"2435",1
"2436",1
"2437",1
"2438",1
"2439",1
"2440",1
"2441",1
"2442",1
"2443",1
"2444",8
"2445",1
"2446",1
"2447",1
"2448",1
"2449",1
"2450",1
"2451",1
"2452",8
"2453",8
"2454",6
"2455",6
"2456",10
"2457",6
"2458",6
"2459",6
"2460",6
"2461",6
"2462",6
"2463",6
"2464",6
"2465",3
"2466",6
"2467",3
"2468",3
"2469",6
"2470",6
"2471",6
"2472",6
"2473",6
"2474",6
"2475",6
"2476",6
"2477",6
"2478",6
"2479",6
"2480",9
"2481",6
"2482",6
"2483",6
"2484",6
"2485",6
"2486",6
"2487",6
"2488",6
"2489",6
"2490",6
"2491",6
"2492",6
"2493",6
"2494",6
"2495",3
"2496",6
"2497",6
"2498",6
"2499",6
"2500",6
"2501",6
"2502",3
"2503",6
"2504",6
"2505",6
"2506",6
"2507",3
"2508",6
"2509",6
"2510",6
"2511",6
"2512",6
"2513",6
"2514",6
"2515",6
"2516",6
"2517",3
"2518",10
"2519",6
"2520",6
"2521",6
"2522",6
"2523",6
"2524",6
"2525",9
"2526",6
"2527",6
"2528",6
"2529",6
"2530",1
"2531",12
"2532",12
"2533",12
"2534",12
"2535",12
"2536",12
"2537",12
"2538",12
"2539",12
"2540",12
"2541",12
"2542",12
"2543",12
"2544",12
"2545",12
"2546",12
"2547",12
"2548",12
"2549",12
"2550",12
"2551",12
"2552",12
"2553",12
"2554",12
"2555",12
"2556",12
"2557",12
"2558",12
"2559",12
"2560",12
"2561",12
"2562",12
"2563",12
"2564",12
"2565",12
"2566",12
"2567",12
"2568",12
"2569",12
"2570",12
"2571",12
"2572",12
"2573",12
"2574",12
"2575",12
"2576",12
"2577",12
"2578",12
"2579",12
"2580",12
"2581",12
"2582",12
"2583",12
"2584",12
"2585",12
"2586",12
"2587",12
"2588",12
"2589",12
"2590",12
"2591",12
"2592",12
"2593",12
"2594",12
"2595",12
"2596",12
"2597",12
"2598",12
"2599",12
"2600",1
"2601",1
"2602",1
"2603",1
"2604",1
"2605",1
"2606",1
"2607",1
"2608",1
"2609",1
"2610",1
"2611",1
"2612",1
"2613",1
"2614",1
"2615",1
"2616",1
"2617",1
"2618",1
"2619",3
"2620",1
"2621",1
"2622",1
"2623",1
"2624",1
"2625",1
"2626",1
"2627",1
"2628",1
"2629",1
"2630",1
"2631",1
"2632",1
"2633",1
"2634",1
"2635",1
"2636",1
"2637",1
"2638",1
"2639",6
"2640",1
"2641",1
"2642",1
"2643",3
"2644",1
"2645",1
"2646",1
"2647",1
"2648",1
"2649",1
"2650",1
"2651",1
"2652",1
"2653",1
"2654",1
"2655",1
"2656",1
"2657",1
"2658",1
"2659",3
"2660",1
"2661",1
"2662",1
"2663",1
"2664",1
"2665",1
"2666",1
"2667",1
"2668",1
"2669",1
"2670",1
"2671",3
"2672",1
"2673",1
"2674",1
"2675",1
"2676",1
"2677",1
"2678",1
"2679",1
"2680",1
"2681",1
"2682",1
"2683",1
"2684",1
"2685",1
"2686",1
"2687",1
"2688",1
"2689",1
"2690",1
"2691",1
"2692",1
"2693",1
"2694",1
"2695",1
"2696",1
"2697",3
"2698",1
"2699",1
"2700",1
"2701",1
"2702",1
"2703",1
"2704",1
"2705",1
"2706",1
"2707",1
"2708",1
"2709",1
"2710",1
"2711",1
"2712",1
"2713",3
"2714",1
"2715",1
"2716",9
"2717",7
"2718",7
"2719",7
"2720",7
"2721",6
"2722",1
"2723",1
"2724",6
"2725",6
"2726",6
"2727",4
"2728",4
"2729",4
"2730",6
"2731",9
"2732",1
"2733",1
"2734",1
"2735",1
"2736",1
"2737",1
"2738",1
"2739",1
"2740",1
"2741",1
"2742",10
"2743",9
"2744",1
"2745",9
"2746",1
"2747",1
"2748",9
"2749",1
"2750",10
"2751",10
"2752",3
"2753",9
"2754",6
"2755",1
"2756",1
"2757",1
"2758",9
"2759",1
"2760",1
"2761",1
"2762",1
"2763",1
"2764",10
"2765",1
"2766",9
"2767",10
"2768",1
"2769",1
"2770",3
"2771",8
"2772",1
"2773",1
"2774",1
"2775",1
"2776",1
"2777",10
"2778",1
"2779",10
"2780",1
"2781",1
"2782",1
"2783",1
"2784",1
"2785",1
"2786",4
"2787",1
"2788",10
"2789",3
"2790",3
"2791",10
"2792",3
"2793",1
"2794",9
"2795",3
"2796",1
"2797",1
"2798",3
"2799",9
"2800",1
"2801",1
"2802",1
"2803",4
"2804",3
"2805",1
"2806",6
"2807",3
"2808",3
"2809",6
"2810",3
"2811",1
"2812",9
"2813",6
"2814",1
"2815",3
"2816",10
"2817",9
"2818",1
"2819",9
"2820",1
"2821",13
"2822",3
"2823",6
"2824",13
"2825",2
"2826",2
"2827",2
"2828",11
"2829",13
"2830",13
"2831",11
"2832",11
"2833",11
"2834",7
"2835",11
"2836",6
"2837",7
"2838",7
"2839",7
"2840",11
"2841",13
"2842",11
"2843",11
"2844",13
"2845",7
"2846",11
"2847",13
"2848",11
"2849",11
"2850",11
"2851",11
"2852",7
"2853",11
"2854",11
"2855",13
"2856",11
"2857",13
"2858",11
"2859",11
"2860",13
"2861",11
"2862",13
"2863",9
"2864",6
"2865",3
"2866",1
"2867",9
"2868",1
"2869",3
"2870",9
"2871",11
"2872",11
"2873",6
"2874",6
"2875",6
"2876",7
"2877",9
"2878",9
"2879",3
"2880",3
"2881",9
"2882",6
"2883",6
"2884",9
"2885",11
"2886",7
"2887",11
"2888",9
"2889",3
"2890",3
"2891",11
"2892",9
"2893",9
"2894",1
"2895",10
"2896",1
"2897",1
"2898",3
"2899",10
"2900",1
"2901",1
"2902",10
"2903",10
"2904",1
"2905",10
"2906",1
"2907",1
"2908",1
"2909",10
"2910",1
"2911",1
"2912",9
"2913",1
"2914",10
"2915",10
"2916",10
"2917",1
"2918",1
"2919",1
"2920",3
"2921",1
"2922",10
"2923",1
"2924",10
"2925",10
"2926",1
"2927",10
"2928",1
"2929",10
"2930",1
"2931",1
"2932",1
"2933",1
"2934",1
"2935",10
"2936",1
"2937",1
"2938",9
"2939",6
"2940",1
"2941",1
"2942",1
"2943",1
"2944",10
"2945",1
"2946",10
"2947",10
"2948",10
"2949",13
"2950",10
"2951",1
"2952",10
"2953",1
"2954",1
"2955",10
"2956",1
"2957",10
"2958",1
"2959",1
"2960",10
"2961",1
"2962",1
"2963",1
"2964",10
"2965",1
"2966",1
"2967",1
"2968",1
"2969",9
"2970",1
"2971",10
"2972",1
"2973",1
"2974",1
"2975",10
"2976",10
"2977",1
"2978",1
"2979",1
"2980",1
"2981",1
"2982",1
"2983",1
"2984",1
"2985",1
"2986",1
"2987",10
"2988",1
"2989",1
"2990",1
"2991",1
"2992",3
"2993",9
"2994",10
"2995",10
"2996",1
"2997",1
"2998",1
"2999",1
"3000",1
"3001",1
"3002",1
"3003",1
"3004",1
"3005",1
"3006",1
"3007",1
"3008",1
"3009",1
"3010",1
"3011",1
"3012",1
"3013",1
"3014",10
"3015",1
"3016",10
"3017",1
"3018",10
"3019",10
"3020",1
"3021",3
"3022",1
"3023",1
"3024",1
"3025",1
"3026",10
"3027",1
"3028",6
"3029",1
"3030",10
"3031",1
"3032",1
"3033",1
"3034",1
"3035",1
"3036",1
"3037",10
"3038",1
"3039",1
"3040",1
"3041",1
"3042",10
"3043",1
"3044",1
"3045",1
"3046",1
"3047",1
"3048",1
"3049",1
"3050",10
"3051",10
"3052",10
"3053",10
"3054",10
"3055",10
"3056",10
"3057",10
"3058",1
"3059",10
"3060",10
"3061",1
"3062",1
"3063",1
"3064",1
"3065",1
"3066",1
"3067",9
"3068",1
"3069",10
"3070",10
"3071",1
"3072",1
"3073",1
"3074",10
"3075",1
"3076",10
"3077",1
"3078",1
"3079",1
"3080",1
"3081",1
"3082",1
"3083",1
"3084",8
"3085",1
"3086",1
"3087",1
"3088",10
"3089",1
"3090",8
"3091",1
"3092",1
"3093",1
"3094",1
"3095",1
"3096",10
"3097",10
"3098",1
"3099",1
"3100",1
"3101",10
"3102",1
"3103",1
"3104",1
"3105",1
"3106",1
"3107",1
"3108",1
"3109",1
"3110",10
"3111",1
"3112",1
"3113",10
"3114",10
"3115",1
"3116",1
"3117",1
"3118",10
"3119",1
"3120",1
"3121",1
"3122",1
"3123",10
"3124",1
"3125",6
"3126",1
"3127",1
"3128",1
"3129",1
"3130",1
"3131",1
"3132",1
"3133",1
"3134",10
"3135",10
"3136",10
"3137",9
"3138",1
"3139",10
"3140",1
"3141",1
"3142",3
"3143",1
"3144",1
"3145",1
"3146",1
"3147",10
"3148",1
"3149",1
"3150",1
"3151",10
"3152",6
"3153",1
"3154",1
"3155",9
"3156",3
"3157",1
"3158",1
"3159",1
"3160",1
"3161",1
"3162",1
"3163",10
"3164",1
"3165",1
"3166",1
"3167",1
"3168",10
"3169",1
"3170",10
"3171",10
"3172",1
"3173",1
"3174",1
"3175",1
"3176",1
"3177",10
"3178",1
"3179",1
"3180",1
"3181",1
"3182",1
"3183",1
"3184",10
"3185",1
"3186",1
"3187",10
"3188",1
"3189",1
"3190",10
"3191",1
"3192",1
"3193",1
"3194",9
"3195",10
"3196",1
"3197",10
"3198",3
"3199",1
"3200",10
"3201",10
"3202",1
"3203",10
"3204",1
"3205",10
"3206",1
"3207",1
"3208",1
"3209",1
"3210",10
"3211",1
"3212",1
"3213",1
"3214",1
"3215",3
"3216",1
"3217",10
"3218",10
"3219",9
"3220",1
"3221",1
"3222",1
"3223",1
"3224",1
"3225",1
"3226",1
"3227",1
"3228",1
"3229",1
"3230",1
"3231",10
"3232",1
"3233",1
"3234",1
"3235",1
"3236",1
"3237",1
"3238",10
"3239",1
"3240",10
"3241",1
"3242",1
"3243",1
"3244",1
"3245",1
"3246",1
"3247",1
"3248",3
"3249",1
"3250",10
"3251",1
"3252",1
"3253",1
"3254",1
"3255",1
"3256",10
"3257",1
"3258",1
"3259",10
"3260",1
"3261",1
"3262",1
"3263",1
"3264",1
"3265",1
"3266",1
"3267",1
"3268",1
"3269",1
"3270",1
"3271",1
"3272",10
"3273",1
"3274",1
"3275",1
"3276",1
"3277",1
"3278",10
"3279",1
"3280",10
"3281",10
"3282",1
"3283",1
"3284",1
"3285",10
"3286",1
"3287",1
"3288",1
"3289",1
"3290",1
"3291",1
"3292",1
"3293",1
"3294",10
"3295",1
"3296",10
"3297",1
"3298",1
"3299",10
"3300",1
"3301",3
"3302",1
"3303",10
"3304",1
"3305",10
"3306",1
"3307",3
"3308",1
"3309",1
"3310",1
"3311",1
"3312",1
"3313",1
"3314",1
"3315",1
"3316",1
"3317",1
"3318",10
"3319",1
"3320",1
"3321",1
"3322",1
"3323",10
"3324",1
"3325",1
"3326",1
"3327",1
"3328",3
"3329",1
"3330",1
"3331",1
"3332",1
"3333",10
"3334",1
"3335",1
"3336",1
"3337",1
"3338",1
"3339",1
"3340",10
"3341",10
"3342",1
"3343",1
"3344",1
"3345",1
"3346",1
"3347",10
"3348",1
"3349",10
"3350",10
"3351",1
"3352",1
"3353",1
"3354",10
"3355",10
"3356",1
"3357",1
"3358",1
"3359",1
"3360",1
"3361",1
"3362",10
"3363",1
"3364",1
"3365",1
"3366",3
"3367",1
"3368",10
"3369",1
"3370",10
"3371",10
"3372",10
"3373",10
"3374",10
"3375",10
"3376",10
"3377",10
"3378",1
"3379",10
"3380",1
"3381",1
"3382",1
"3383",1
"3384",10
"3385",1
"3386",1
"3387",1
"3388",1
"3389",1
"3390",1
"3391",1
"3392",1
"3393",10
"3394",10
"3395",1
"3396",10
"3397",1
"3398",10
"3399",1
"3400",10
"3401",1
"3402",1
"3403",1
"3404",10
"3405",1
"3406",1
"3407",1
"3408",1
"3409",1
"3410",1
"3411",1
"3412",1
"3413",1
"3414",10
"3415",1
"3416",1
"3417",1
"3418",1
"3419",10
"3420",1
"3421",1
"3422",1
"3423",1
"3424",1
"3425",1
"3426",10
"3427",1
"3428",1
"3429",1
"3430",1
"3431",1
"3432",1
"3433",1
"3434",10
"3435",1
"3436",1
"3437",1
"3438",1
"3439",10
"3440",10
"3441",10
"3442",1
"3443",1
"3444",1
"3445",10
"3446",1
"3447",1
"3448",1
"3449",10
"3450",1
"3451",10
"3452",1
"3453",1
"3454",1
"3455",1
"3456",1
"3457",1
"3458",1
"3459",1
"3460",1
"3461",1
"3462",1
"3463",1
"3464",1
"3465",1
"3466",1
"3467",1
"3468",1
"3469",1
"3470",1
"3471",1
"3472",1
"3473",10
"3474",10
"3475",10
"3476",1
"3477",1
"3478",1
"3479",1
"3480",1
"3481",1
"3482",1
"3483",1
"3484",1
"3485",1
"3486",1
"3487",1
"3488",1
"3489",1
"3490",1
"3491",1
"3492",1
"3493",1
"3494",10
"3495",10
"3496",1
"3497",1
"3498",1
"3499",1
"3500",1
"3501",1
"3502",1
"3503",1
"3504",1
"3505",1
"3506",1
"3507",1
"3508",10
"3509",1
"3510",1
"3511",1
"3512",1
"3513",10
"3514",10
"3515",1
"3516",3
"3517",1
"3518",10
"3519",1
"3520",1
"3521",1
"3522",3
"3523",1
"3524",3
"3525",1
"3526",9
"3527",1
"3528",1
"3529",10
"3530",10
"3531",10
"3532",10
"3533",10
"3534",10
"3535",1
"3536",1
"3537",1
"3538",10
"3539",10
"3540",3
"3541",10
"3542",1
"3543",10
"3544",1
"3545",1
"3546",1
"3547",3
"3548",1
"3549",10
"3550",10
"3551",1
"3552",1
"3553",9
"3554",1
"3555",1
"3556",1
"3557",1
"3558",1
"3559",1
"3560",1
"3561",10
"3562",1
"3563",10
"3564",1
"3565",1
"3566",1
"3567",1
"3568",1
"3569",3
"3570",1
"3571",1
"3572",1
"3573",1
"3574",3
"3575",1
"3576",1
"3577",1
"3578",1
"3579",3
"3580",1
"3581",1
"3582",1
"3583",1
"3584",1
"3585",1
"3586",1
"3587",1
"3588",10
"3589",1
"3590",1
"3591",9
"3592",1
"3593",1
"3594",1
"3595",1
"3596",10
"3597",1
"3598",1
"3599",1
"3600",1
"3601",8
"3602",1
"3603",1
"3604",11
"3605",11
"3606",3
"3607",3
"3608",3
"3609",3
"3610",1
"3611",9
"3612",9
"3613",3
"3614",9
"3615",3
"3616",9
"3617",3
"3618",3
"3619",3
"3620",9
"3621",9
"3622",3
"3623",1
"3624",1
"3625",9
"3626",3
"3627",3
"3628",3
"3629",3
"3630",1
"3631",9
"3632",1
"3633",9
"3634",9
"3635",9
"3636",3
"3637",1
"3638",3
"3639",3
"3640",3
"3641",1
"3642",3
"3643",1
"3644",9
"3645",9
"3646",1
"3647",3
"3648",3
"3649",6
"3650",3
"3651",1
"3652",3
"3653",6
"3654",1
"3655",6
"3656",3
"3657",9
"3658",6
"3659",9
"3660",1
"3661",9
"3662",9
"3663",1
"3664",9
"3665",1
"3666",3
"3667",1
"3668",9
"3669",10
"3670",9
"3671",1
"3672",6
"3673",9
"3674",1
"3675",6
"3676",6
"3677",1
"3678",9
"3679",9
"3680",3
"3681",1
"3682",9
"3683",3
"3684",6
"3685",9
"3686",6
"3687",9
"3688",9
"3689",10
"3690",9
"3691",3
"3692",6
"3693",10
"3694",3
"3695",9
"3696",9
"3697",9
"3698",1
"3699",9
"3700",9
"3701",9
"3702",9
"3703",9
"3704",3
"3705",9
"3706",9
"3707",6
"3708",9
"3709",9
"3710",9
"3711",6
"3712",3
"3713",3
"3714",6
"3715",9
"3716",9
"3717",9
"3718",3
"3719",3
"3720",6
"3721",9
"3722",9
"3723",9
"3724",3
"3725",6
"3726",9
"3727",10
"3728",1
"3729",3
"3730",1
"3731",3
"3732",3
"3733",3
"3734",3
"3735",6
"3736",9
"3737",9
"3738",9
"3739",1
"3740",9
"3741",3
"3742",9
"3743",9
"3744",9
"3745",9
"3746",9
"3747",9
"3748",1
"3749",9
"3750",1
"3751",3
"3752",1
"3753",9
"3754",10
"3755",6
"3756",6
"3757",1
"3758",9
"3759",1
"3760",3
"3761",9
"3762",9
"3763",9
"3764",6
"3765",6
"3766",9
"3767",10
"3768",6
"3769",6
"3770",10
"3771",6
"3772",9
"3773",3
"3774",6
"3775",6
"3776",9
"3777",6
"3778",9
"3779",9
"3780",3
"3781",6
"3782",1
"3783",9
"3784",9
"3785",6
"3786",6
"3787",6
"3788",6
"3789",9
"3790",3
"3791",9
"3792",9
"3793",3
"3794",6
"3795",9
"3796",9
"3797",6
"3798",6
"3799",3
"3800",6
"3801",9
"3802",9
"3803",6
"3804",6
"3805",11
"3806",9
"3807",3
"3808",9
"3809",13
"3810",13
"3811",13
"3812",13
"3813",13
"3814",13
"3815",10
"3816",13
"3817",13
"3818",13
"3819",13
"3820",13
"3821",13
"3822",13
"3823",13
"3824",13
"3825",13
"3826",13
"3827",13
"3828",13
"3829",13
"3830",13
"3831",13
"3832",13
"3833",13
"3834",13
"3835",13
"3836",13
"3837",13
"3838",13
"3839",4
"3840",4
"3841",4
"3842",4
"3843",4
"3844",4
"3845",4
"3846",4
"3847",4
"3848",4
"3849",4
"3850",4
"3851",4
"3852",4
"3853",4
"3854",4
"3855",4
"3856",4
"3857",4
"3858",4
"3859",4
"3860",4
"3861",4
"3862",4
"3863",4
"3864",4
"3865",4
"3866",4
"3867",4
"3868",4
"3869",4
"3870",4
"3871",4
"3872",4
"3873",4
"3874",4
"3875",4
"3876",4
"3877",4
"3878",7
"3879",4
"3880",4
"3881",4
"3882",4
"3883",4
"3884",4
"3885",4
"3886",4
"3887",4
"3888",5
"3889",4
"3890",4
"3891",4
"3892",4
"3893",4
"3894",4
"3895",4
"3896",4
"3897",4
"3898",4
"3899",4
"3900",4
"3901",4
"3902",4
"3903",4
"3904",5
"3905",4
"3906",4
"3907",4
"3908",4
"3909",4
"3910",4
"3911",4
"3912",4
"3913",4
"3914",4
"3915",4
"3916",4
"3917",4
"3918",4
"3919",4
"3920",4
"3921",4
"3922",4
"3923",4
"3924",4
"3925",4
"3926",5
"3927",4
"3928",4
"3929",4
"3930",4
"3931",4
"3932",4
"3933",5
"3934",4
"3935",4
"3936",4
"3937",4
"3938",4
"3939",4
"3940",4
"3941",4
"3942",4
"3943",4
"3944",4
"3945",4
"3946",4
"3947",4
"3948",4
"3949",4
"3950",4
"3951",4
"3952",4
"3953",4
"3954",4
"3955",4
"3956",4
"3957",4
"3958",1
"3959",13
"3960",13
"3961",13
"3962",11
"3963",13
"3964",13
"3965",13
"3966",9
"3967",13
"3968",9
"3969",11
"3970",13
"3971",10
"3972",13
"3973",8
"3974",13
"3975",13
"3976",13
"3977",13
"3978",13
"3979",13
"3980",13
"3981",13
"3982",13
"3983",11
"3984",13
"3985",10
"3986",13
"3987",4
"3988",4
"3989",4
"3990",4
"3991",4
"3992",4
"3993",4
"3994",4
"3995",4
"3996",4
"3997",4
"3998",4
"3999",4
"4000",4
"4001",4
"4002",4
"4003",4
"4004",4
"4005",4
"4006",3
"4007",1
"4008",1
"4009",10
"4010",3
"4011",1
"4012",1
"4013",4
"4014",1
"4015",9
"4016",1
"4017",1
"4018",10
"4019",1
"4020",6
"4021",3
"4022",13
"4023",3
"4024",9
"4025",1
"4026",10
"4027",10
"4028",3
"4029",1
"4030",1
"4031",1
"4032",6
"4033",9
"4034",1
"4035",3
"4036",1
"4037",1
"4038",1
"4039",10
"4040",3
"4041",1
"4042",1
"4043",1
"4044",1
"4045",1
"4046",1
"4047",3
"4048",3
"4049",10
"4050",6
"4051",3
"4052",10
"4053",3
"4054",3
"4055",1
"4056",1
"4057",1
"4058",3
"4059",10
"4060",1
"4061",3
"4062",3
"4063",3
"4064",9
"4065",9
"4066",3
"4067",3
"4068",3
"4069",9
"4070",3
"4071",3
"4072",3
"4073",3
"4074",1
"4075",3
"4076",3
"4077",1
"4078",3
"4079",9
"4080",9
"4081",6
"4082",3
"4083",9
"4084",9
"4085",6
"4086",6
"4087",3
"4088",3
"4089",9
"4090",1
"4091",9
"4092",10
"4093",6
"4094",3
"4095",6
"4096",9
"4097",3
"4098",9
"4099",13
"4100",3
"4101",3
"4102",6
"4103",9
"4104",9
"4105",9
"4106",1
"4107",3
"4108",3
"4109",3
"4110",1
"4111",3
"4112",9
"4113",9
"4114",3
"4115",9
"4116",9
"4117",6
"4118",9
"4119",3
"4120",3
"4121",9
"4122",3
"4123",9
"4124",3
"4125",9
"4126",3
"4127",9
"4128",1
"4129",3
"4130",9
"4131",3
"4132",1
"4133",9
"4134",8
"4135",3
"4136",3
"4137",3
"4138",3
"4139",9
"4140",3
"4141",3
"4142",1
"4143",1
"4144",9
"4145",9
"4146",9
"4147",9
"4148",9
"4149",3
"4150",1
"4151",1
"4152",9
"4153",3
"4154",3
"4155",6
"4156",10
"4157",1
"4158",1
"4159",3
"4160",10
"4161",6
"4162",3
"4163",9
"4164",3
"4165",7
"4166",3
"4167",9
"4168",1
"4169",10
"4170",3
"4171",3
"4172",1
"4173",9
"4174",3
"4175",9
"4176",3
"4177",6
"4178",3
"4179",3
"4180",3
"4181",4
"4182",4
"4183",4
"4184",4
"4185",4
"4186",4
"4187",4
"4188",4
"4189",4
"4190",4
"4191",4
"4192",4
"4193",4
"4194",4
"4195",4
"4196",4
"4197",4
"4198",4
"4199",4
"4200",5
"4201",4
"4202",4
"4203",4
"4204",4
"4205",4
"4206",5
"4207",4
"4208",4
"4209",4
"4210",4
"4211",4
"4212",4
"4213",4
"4214",4
"4215",4
"4216",4
"4217",4
"4218",4
"4219",4
"4220",4
"4221",4
"4222",4
"4223",4
"4224",4
"4225",4
"4226",4
"4227",4
"4228",4
"4229",4
"4230",4
"4231",4
"4232",4
"4233",4
"4234",4
"4235",4
"4236",4
"4237",4
"4238",4
"4239",4
"4240",4
"4241",4
"4242",4
"4243",4
"4244",4
"4245",3
"4246",9
"4247",3
"4248",9
"4249",9
"4250",9
"4251",9
"4252",4
"4253",9
"4254",1
"4255",1
"4256",3
"4257",1
"4258",10
"4259",6
"4260",10
"4261",10
"4262",3
"4263",3
"4264",1
"4265",10
"4266",9
"4267",10
"4268",3
"4269",3
"4270",9
"4271",9
"4272",6
"4273",9
"4274",6
"4275",9
"4276",10
"4277",9
"4278",6
"4279",9
"4280",9
"4281",9
"4282",9
"4283",9
"4284",6
"4285",9
"4286",6
"4287",6
"4288",9
"4289",6
"4290",9
"4291",9
"4292",9
"4293",9
"4294",9
"4295",14
"4296",12
"4297",14
"4298",12
"4299",14
"4300",12
"4301",12
"4302",12
"4303",14
"4304",14
"4305",12
"4306",14
"4307",8
"4308",1
"4309",8
"4310",8
"4311",8
"4312",8
"4313",8
"4314",1
"4315",1
"4316",8
"4317",1
"4318",1
"4319",8
"4320",2
"4321",8
"4322",8
"4323",4
"4324",8
"4325",8
"4326",8
"4327",8
"4328",8
"4329",8
"4330",8
"4331",2
"4332",1
"4333",8
"4334",1
"4335",8
"4336",8
"4337",8
"4338",8
"4339",4
"4340",1
"4341",1
"4342",8
"4343",1
"4344",8
"4345",8
"4346",1
"4347",8
"4348",8
"4349",8
"4350",8
"4351",8
"4352",8
"4353",8
"4354",8
"4355",8
"4356",8
"4357",8
"4358",8
"4359",8
"4360",8
"4361",2
"4362",8
"4363",8
"4364",8
"4365",8
"4366",7
"4367",7
"4368",7
"4369",7
"4370",7
"4371",7
"4372",7
"4373",7
"4374",7
"4375",7
"4376",7
"4377",7
"4378",7
"4379",7
"4380",7
"4381",7
"4382",7
"4383",7
"4384",7
"4385",7
"4386",7
"4387",7
"4388",7
"4389",7
"4390",7
"4391",7
"4392",7
"4393",7
"4394",7
"4395",7
"4396",7
"4397",7
"4398",7
"4399",7
"4400",7
"4401",7
"4402",7
"4403",7
"4404",7
"4405",7
"4406",7
"4407",7
"4408",7
"4409",7
"4410",7
"4411",7
"4412",7
"4413",7
"4414",7
"4415",7
"4416",7
"4417",7
"4418",7
"4419",7
"4420",7
"4421",7
"4422",7
"4423",7
"4424",7
"4425",7
"4426",7
"4427",7
"4428",7
"4429",7
"4430",7
"4431",7
"4432",7
"4433",7
"4434",7
"4435",7
"4436",7
"4437",7
"4438",7
"4439",7
"4440",7
"4441",7
"4442",7
"4443",7
"4444",7
"4445",7
"4446",7
"4447",7
"4448",7
"4449",5
"4450",5
"4451",13
"4452",1
"4453",13
"4454",11
"4455",11
"4456",11
"4457",11
"4458",11
"4459",13
"4460",11
"4461",11
"4462",10
"4463",3
"4464",6
"4465",6
"4466",6
"4467",6
"4468",6
"4469",1
"4470",3
"4471",3
"4472",13
"4473",9
"4474",3
"4475",10
"4476",3
"4477",9
"4478",6
"4479",2
"4480",3
"4481",3
"4482",6
"4483",9
"4484",3
"4485",3
"4486",6
"4487",1
"4488",1
"4489",3
"4490",1
"4491",1
"4492",3
"4493",1
"4494",3
"4495",9
"4496",1
"4497",9
"4498",10
"4499",3
"4500",6
"4501",1
"4502",3
"4503",3
"4504",3
"4505",13
"4506",10
"4507",1
"4508",1
"4509",1
"4510",1
"4511",10
"4512",1
"4513",10
"4514",6
"4515",9
"4516",10
"4517",1
"4518",2
"4519",3
"4520",1
"4521",1
"4522",10
"4523",3
"4524",10
"4525",6
"4526",10
"4527",6
"4528",13
"4529",1
"4530",6
"4531",10
"4532",10
"4533",9
"4534",9
"4535",9
"4536",1
"4537",1
"4538",10
"4539",1
"4540",10
"4541",9
"4542",10
"4543",10
"4544",1
"4545",6
"4546",1
"4547",10
"4548",1
"4549",1
"4550",1
"4551",6
"4552",3
"4553",1
"4554",10
"4555",1
"4556",10
"4557",1
"4558",1
"4559",10
"4560",1
"4561",10
"4562",1
"4563",1
"4564",1
"4565",1
"4566",1
"4567",10
"4568",1
"4569",3
"4570",9
"4571",6
"4572",1
"4573",1
"4574",1
"4575",10
"4576",9
"4577",1
"4578",1
"4579",1
"4580",1
"4581",1
"4582",10
"4583",10
"4584",1
"4585",10
"4586",3
"4587",3
"4588",1
"4589",9
"4590",10
"4591",1
"4592",10
"4593",10
"4594",1
"4595",1
"4596",3
"4597",1
"4598",3
"4599",10
"4600",10
"4601",1
"4602",1
"4603",1
"4604",1
"4605",10
"4606",10
"4607",9
"4608",1
"4609",1
"4610",1
"4611",10
"4612",3
"4613",10
"4614",3
"4615",1
"4616",1
"4617",1
"4618",1
"4619",10
"4620",1
"4621",10
"4622",1
"4623",13
"4624",10
"4625",1
"4626",2
"4627",10
"4628",10
"4629",1
"4630",9
"4631",1
"4632",10
"4633",10
"4634",10
"4635",1
"4636",3
"4637",1
"4638",10
"4639",1
"4640",1
"4641",1
"4642",1
"4643",1
"4644",10
"4645",1
"4646",10
"4647",1
"4648",1
"4649",1
"4650",9
"4651",10
"4652",1
"4653",9
"4654",3
"4655",3
"4656",3
"4657",10
"4658",1
"4659",10
"4660",3
"4661",10
"4662",1
"4663",9
"4664",10
"4665",1
"4666",8
"4667",1
"4668",1
"4669",10
"4670",1
"4671",10
"4672",1
"4673",3
"4674",10
"4675",1
"4676",1
"4677",1
"4678",10
"4679",1
"4680",10
"4681",10
"4682",10
"4683",10
"4684",10
"4685",10
"4686",1
"4687",10
"4688",9
"4689",10
"4690",9
"4691",1
"4692",10
"4693",9
"4694",10
"4695",10
"4696",1
"4697",10
"4698",1
"4699",1
"4700",1
"4701",9
"4702",1
"4703",1
"4704",1
"4705",1
"4706",3
"4707",10
"4708",1
"4709",1
"4710",10
"4711",10
"4712",1
"4713",9
"4714",10
"4715",13
"4716",1
"4717",10
"4718",6
"4719",1
"4720",1
"4721",1
"4722",10
"4723",10
"4724",10
"4725",1
"4726",1
"4727",1
"4728",9
"4729",1
"4730",6
"4731",10
"4732",1
"4733",1
"4734",1
"4735",9
"4736",1
"4737",10
"4738",1
"4739",10
"4740",1
"4741",10
"4742",1
"4743",1
"4744",1
"4745",10
"4746",1
"4747",1
"4748",10
"4749",1
"4750",3
"4751",9
"4752",10
"4753",1
"4754",1
"4755",1
"4756",1
"4757",1
"4758",6
"4759",1
"4760",10
"4761",3
"4762",10
"4763",1
"4764",10
"4765",3
"4766",10
"4767",10
"4768",1
"4769",3
"4770",10
"4771",1
"4772",1
"4773",1
"4774",10
"4775",9
"4776",10
"4777",10
"4778",9
"4779",1
"4780",1
"4781",1
"4782",10
"4783",3
"4784",1
"4785",3
"4786",10
"4787",1
"4788",10
"4789",1
"4790",10
"4791",1
"4792",9
"4793",10
"4794",10
"4795",1
"4796",1
"4797",1
"4798",10
"4799",13
"4800",1
"4801",1
"4802",10
"4803",1
"4804",1
"4805",6
"4806",10
"4807",9
"4808",6
"4809",10
"4810",1
"4811",6
"4812",9
"4813",10
"4814",6
"4815",10
"4816",1
"4817",1
"4818",1
"4819",1
"4820",1
"4821",10
"4822",3
"4823",3
"4824",9
"4825",1
"4826",1
"4827",1
"4828",1
"4829",1
"4830",3
"4831",1
"4832",10
"4833",3
"4834",3
"4835",3
"4836",1
"4837",1
"4838",9
"4839",10
"4840",2
"4841",1
"4842",1
"4843",1
"4844",1
"4845",9
"4846",3
"4847",1
"4848",3
"4849",3
"4850",10
"4851",3
"4852",1
"4853",1
"4854",1
"4855",9
"4856",9
"4857",3
"4858",8
"4859",1
"4860",1
"4861",1
"4862",1
"4863",3
"4864",1
"4865",1
"4866",1
"4867",1
"4868",1
"4869",1
"4870",1
"4871",3
"4872",1
"4873",1
"4874",1
"4875",1
"4876",1
"4877",10
"4878",1
"4879",3
"4880",3
"4881",1
"4882",6
"4883",1
"4884",1
"4885",1
"4886",3
"4887",1
"4888",3
"4889",1
"4890",1
"4891",3
"4892",1
"4893",1
"4894",9
"4895",1
"4896",1
"4897",9
"4898",1
"4899",1
"4900",1
"4901",1
"4902",9
"4903",1
"4904",1
"4905",1
"4906",1
"4907",3
"4908",1
"4909",1
"4910",1
"4911",3
"4912",6
"4913",3
"4914",3
"4915",3
"4916",6
"4917",3
"4918",9
"4919",1
"4920",1
"4921",4
"4922",4
"4923",4
"4924",4
"4925",4
"4926",4
"4927",4
"4928",4
"4929",4
"4930",4
"4931",4
"4932",4
"4933",4
"4934",4
"4935",4
"4936",4
"4937",4
"4938",4
"4939",4
"4940",4
"4941",4
"4942",4
"4943",4
"4944",4
"4945",4
"4946",4
"4947",3
"4948",1
"4949",10
"4950",10
"4951",10
"4952",10
"4953",10
"4954",10
"4955",9
"4956",6
"4957",10
"4958",10
"4959",9
"4960",10
"4961",6
"4962",6
"4963",9
"4964",1
"4965",6
"4966",9
"4967",6
"4968",9
"4969",9
"4970",9
"4971",9
"4972",9
"4973",6
"4974",10
"4975",10
"4976",13
"4977",3
"4978",6
"4979",10
"4980",9
"4981",9
"4982",9
"4983",1
"4984",9
"4985",9
"4986",9
"4987",13
"4988",9
"4989",3
"4990",9
"4991",1
"4992",10
"4993",6
"4994",1
"4995",3
"4996",9
"4997",6
"4998",3
"4999",9
"5000",1
"5001",1
"5002",9
"5003",1
"5004",1
"5005",10
"5006",1
"5007",9
"5008",9
"5009",9
"5010",9
"5011",3
"5012",9
"5013",9
"5014",9
"5015",9
"5016",9
"5017",10
"5018",1
"5019",6
"5020",1
"5021",9
"5022",9
"5023",1
"5024",9
"5025",1
"5026",1
"5027",9
"5028",1
"5029",1
"5030",1
"5031",1
"5032",1
"5033",3
"5034",6
"5035",3
"5036",13
"5037",9
"5038",13
"5039",13
"5040",3
"5041",9
"5042",9
"5043",1
"5044",9
"5045",9
"5046",9
"5047",9
"5048",1
"5049",9
"5050",6
"5051",1
"5052",9
"5053",11
"5054",7
"5055",9
"5056",9
"5057",9
"5058",9
"5059",10
"5060",6
"5061",6
"5062",3
"5063",9
"5064",1
"5065",9
"5066",9
"5067",3
"5068",9
"5069",9
"5070",3
"5071",9
"5072",9
"5073",9
"5074",9
"5075",1
"5076",1
"5077",10
"5078",9
"5079",9
"5080",3
"5081",9
"5082",9
"5083",9
"5084",13
"5085",9
"5086",6
"5087",9
"5088",9
"5089",9
"5090",9
"5091",3
"5092",3
"5093",9
"5094",9
"5095",9
"5096",9
"5097",3
"5098",6
"5099",6
"5100",9
"5101",3
"5102",9
"5103",9
"5104",6
"5105",9
"5106",9
"5107",9
"5108",6
"5109",6
"5110",13
"5111",9
"5112",9
"5113",3
"5114",9
"5115",1
"5116",10
"5117",1
"5118",3
"5119",13
"5120",9
"5121",2
"5122",13
"5123",9
"5124",6
"5125",9
"5126",9
"5127",9
"5128",9
"5129",9
"5130",1
"5131",9
"5132",4
"5133",1
"5134",3
"5135",1
"5136",6
"5137",9
"5138",13
"5139",9
"5140",6
"5141",9
"5142",6
"5143",9
"5144",6
"5145",13
"5146",6
"5147",3
"5148",9
"5149",3
"5150",3
"5151",6
"5152",9
"5153",1
"5154",9
"5155",1
"5156",1
"5157",9
"5158",9
"5159",9
"5160",10
"5161",9
"5162",13
"5163",9
"5164",1
"5165",3
"5166",1
"5167",10
"5168",9
"5169",6
"5170",10
"5171",10
"5172",9
"5173",9
"5174",9
"5175",9
"5176",1
"5177",9
"5178",9
"5179",9
"5180",9
"5181",9
"5182",1
"5183",9
"5184",10
"5185",10
"5186",1
"5187",9
"5188",1
"5189",9
"5190",9
"5191",10
"5192",9
"5193",9
"5194",1
"5195",9
"5196",9
"5197",6
"5198",9
"5199",6
"5200",9
"5201",3
"5202",1
"5203",2
"5204",3
"5205",3
"5206",6
"5207",6
"5208",6
"5209",6
"5210",9
"5211",9
"5212",6
"5213",3
"5214",6
"5215",9
"5216",9
"5217",9
"5218",9
"5219",9
"5220",3
"5221",3
"5222",6
"5223",9
"5224",9
"5225",3
"5226",6
"5227",9
"5228",6
"5229",3
"5230",6
"5231",9
"5232",9
"5233",9
"5234",9
"5235",9
"5236",6
"5237",6
"5238",14
"5239",14
"5240",14
"5241",14
"5242",14
"5243",14
"5244",14
"5245",14
"5246",14
"5247",14
"5248",14
"5249",14
"5250",14
"5251",14
"5252",14
"5253",14
"5254",14
"5255",14
"5256",14
"5257",14
"5258",14
"5259",14
"5260",14
"5261",14
"5262",14
"5263",14
"5264",14
"5265",14
"5266",9
"5267",1
"5268",10
"5269",3
"5270",2
"5271",9
"5272",2
"5273",7
"5274",7
"5275",7
"5276",7
"5277",7
"5278",10
"5279",12
"5280",10
"5281",1
"5282",1
"5283",1
"5284",10
"5285",3
"5286",1
"5287",9
"5288",9
"5289",3
"5290",1
"5291",1
"5292",9
"5293",1
"5294",1
"5295",1
"5296",1
"5297",3
"5298",3
"5299",1
"5300",1
"5301",1
"5302",9
"5303",1
"5304",1
"5305",1
"5306",1
"5307",1
"5308",1
"5309",1
"5310",1
"5311",3
"5312",1
"5313",9
"5314",1
"5315",1
"5316",1
"5317",1
"5318",3
"5319",1
"5320",10
"5321",9
"5322",9
"5323",1
"5324",1
"5325",1
"5326",3
"5327",1
"5328",1
"5329",1
"5330",1
"5331",1
"5332",1
"5333",1
"5334",1
"5335",1
"5336",1
"5337",10
"5338",1
"5339",1
"5340",3
"5341",1
"5342",1
"5343",1
"5344",1
"5345",1
"5346",1
"5347",1
"5348",1
"5349",9
"5350",10
"5351",1
"5352",1
"5353",9
"5354",1
"5355",1
"5356",1
"5357",1
"5358",1
"5359",1
"5360",1
"5361",1
"5362",1
"5363",1
"5364",1
"5365",1
"5366",1
"5367",1
"5368",1
"5369",1
"5370",1
"5371",1
"5372",1
"5373",9
"5374",9
"5375",9
"5376",1
"5377",1
"5378",9
"5379",1
"5380",1
"5381",1
"5382",9
"5383",1
"5384",1
"5385",1
"5386",1
"5387",1
"5388",1
"5389",1
"5390",9
"5391",10
"5392",10
"5393",1
"5394",1
"5395",1
"5396",10
"5397",9
"5398",9
"5399",9
"5400",9
"5401",9
"5402",1
"5403",1
"5404",1
"5405",1
"5406",1
"5407",6
"5408",6
"5409",10
"5410",10
"5411",10
"5412",9
"5413",9
"5414",3
"5415",3
"5416",3
"5417",3
"5418",3
"5419",3
"5420",3
"5421",3
"5422",3
"5423",10
"5424",10
"5425",10
"5426",10
"5427",10
"5428",3
"5429",3
"5430",1
"5431",1
"5432",1
"5433",10
"5434",10
"5435",9
"5436",1
"5437",1
"5438",1
"5439",6
"5440",6
"5441",1
"5442",1
"5443",1
"5444",1
"5445",10
"5446",10
"5447",6
"5448",9
"5449",9
"5450",9
"5451",9
"5452",9
"5453",9
"5454",9
"5455",9
"5456",6
"5457",6
"5458",6
"5459",6
"5460",3
"5461",9
"5462",9
"5463",9
"5464",6
"5465",9
"5466",9
"5467",6
"5468",9
"5469",9
"5470",9
"5471",9
"5472",9
"5473",6
"5474",9
"5475",9
"5476",9
"5477",9
"5478",9
"5479",9
"5480",9
"5481",9
"5482",9
"5483",9
"5484",9
"5485",9
"5486",9
"5487",9
"5488",9
"5489",9
"5490",3
"5491",3
"5492",9
"5493",9
"5494",9
"5495",9
"5496",4
"5497",4
"5498",4
"5499",4
"5500",4
"5501",4
"5502",4
"5503",4
"5504",4
"5505",4
"5506",4
"5507",4
"5508",4
"5509",4
"5510",4
"5511",4
"5512",4
"5513",4
"5514",4
"5515",4
"5516",4
"5517",4
"5518",4
"5519",4
"5520",4
"5521",4
"5522",4
"5523",4
"5524",4
"5525",4
"5526",4
"5527",4
"5528",4
"5529",4
"5530",4
"5531",4
"5532",4
"5533",2
"5534",2
"5535",4
"5536",4
"5537",4
"5538",4
"5539",4
"5540",4
"5541",4
"5542",4
"5543",4
"5544",4
"5545",4
"5546",4
"5547",4
"5548",4
"5549",4
"5550",4
"5551",4
"5552",4
"5553",4
"5554",4
"5555",4
"5556",4
"5557",4
"5558",4
"5559",4
"5560",4
"5561",4
"5562",4
"5563",4
"5564",4
"5565",4
"5566",4
"5567",4
"5568",4
"5569",4
"5570",4
"5571",4
"5572",4
"5573",4
"5574",4
"5575",4
"5576",4
"5577",4
"5578",4
"5579",4
"5580",4
"5581",4
"5582",4
"5583",4
"5584",4
"5585",4
"5586",4
"5587",4
"5588",4
"5589",4
"5590",4
"5591",4
"5592",4
"5593",4
"5594",4
"5595",4
"5596",4
"5597",4
"5598",4
"5599",4
"5600",4
"5601",4
"5602",4
"5603",4
"5604",4
"5605",4
"5606",4
"5607",4
"5608",4
"5609",4
"5610",4
"5611",4
"5612",4
"5613",4
"5614",4
"5615",4
"5616",4
"5617",4
"5618",4
"5619",4
"5620",4
"5621",4
"5622",4
"5623",4
"5624",4
"5625",4
"5626",4
"5627",4
"5628",4
"5629",4
"5630",4
"5631",4
"5632",4
"5633",4
"5634",4
"5635",4
"5636",4
"5637",4
"5638",4
"5639",4
"5640",4
"5641",4
"5642",4
"5643",4
"5644",4
"5645",4
"5646",4
"5647",4
"5648",4
"5649",4
"5650",4
"5651",4
"5652",4
"5653",4
"5654",4
"5655",4
"5656",4
"5657",4
"5658",4
"5659",4
"5660",4
"5661",4
"5662",4
"5663",4
"5664",12
"5665",4
"5666",4
"5667",4
"5668",4
"5669",7
"5670",4
"5671",4
"5672",4
"5673",4
"5674",7
"5675",4
"5676",7
"5677",12
"5678",4
"5679",3
"5680",6
"5681",9
"5682",10
"5683",9
"5684",1
"5685",2
"5686",9
"5687",1
"5688",1
"5689",1
"5690",1
"5691",6
"5692",9
"5693",10
"5694",9
"5695",6
"5696",3
"5697",1
"5698",3
"5699",3
"5700",10
"5701",1
"5702",9
"5703",10
"5704",1
"5705",1
"5706",10
"5707",6
"5708",1
"5709",3
"5710",1
"5711",6
"5712",3
"5713",10
"5714",1
"5715",9
"5716",1
"5717",8
"5718",9
"5719",10
"5720",6
"5721",10
"5722",6
"5723",10
"5724",3
"5725",1
"5726",3
"5727",1
"5728",10
"5729",10
"5730",6
"5731",3
"5732",1
"5733",1
"5734",10
"5735",9
"5736",1
"5737",6
"5738",10
"5739",3
"5740",6
"5741",1
"5742",1
"5743",10
"5744",3
"5745",1
"5746",10
"5747",1
"5748",10
"5749",9
"5750",1
"5751",1
"5752",10
"5753",1
"5754",3
"5755",9
"5756",1
"5757",1
"5758",9
"5759",1
"5760",1
"5761",1
"5762",1
"5763",6
"5764",1
"5765",10
"5766",10
"5767",1
"5768",6
"5769",9
"5770",10
"5771",1
"5772",10
"5773",9
"5774",1
"5775",10
"5776",1
"5777",1
"5778",1
"5779",9
"5780",6
"5781",6
"5782",3
"5783",2
"5784",1
"5785",3
"5786",9
"5787",2
"5788",10
"5789",1
"5790",3
"5791",1
"5792",1
"5793",3
"5794",3
"5795",1
"5796",3
"5797",9
"5798",3
"5799",7
"5800",9
"5801",6
"5802",3
"5803",6
"5804",10
"5805",9
"5806",6
"5807",3
"5808",10
"5809",6
"5810",1
"5811",10
"5812",7
"5813",1
"5814",9
"5815",9
"5816",1
"5817",10
"5818",1
"5819",1
"5820",9
"5821",3
"5822",3
"5823",10
"5824",3
"5825",1
"5826",3
"5827",1
"5828",1
"5829",1
"5830",10
"5831",10
"5832",3
"5833",1
"5834",3
"5835",1
"5836",1
"5837",3
"5838",10
"5839",3
"5840",6
"5841",10
"5842",1
"5843",3
"5844",10
"5845",9
"5846",1
"5847",9
"5848",1
"5849",9
"5850",3
"5851",10
"5852",9
"5853",9
"5854",3
"5855",9
"5856",1
"5857",9
"5858",3
"5859",7
"5860",9
"5861",1
"5862",3
"5863",3
"5864",10
"5865",1
"5866",1
"5867",6
"5868",3
"5869",3
"5870",9
"5871",3
"5872",9
"5873",9
"5874",1
"5875",3
"5876",3
"5877",3
"5878",10
"5879",3
"5880",1
"5881",6
"5882",6
"5883",6
"5884",6
"5885",6
"5886",6
"5887",3
"5888",9
"5889",9
"5890",6
"5891",3
"5892",3
"5893",9
"5894",6
"5895",1
"5896",9
"5897",6
"5898",6
"5899",9
"5900",6
"5901",6
"5902",6
"5903",6
"5904",6
"5905",2
"5906",2
"5907",2
"5908",2
"5909",2
"5910",2
"5911",5
"5912",5
"5913",5
"5914",4
"5915",5
"5916",5
"5917",5
"5918",5
"5919",5
"5920",7
"5921",7
"5922",5
"5923",4
"5924",5
"5925",5
"5926",7
"5927",5
"5928",5
"5929",3
"5930",3
"5931",9
"5932",6
"5933",1
"5934",9
"5935",3
"5936",1
"5937",9
"5938",9
"5939",6
"5940",10
"5941",9
"5942",9
"5943",9
"5944",9
"5945",9
"5946",6
"5947",9
"5948",3
"5949",9
"5950",9
"5951",6
"5952",9
"5953",9
"5954",9
"5955",9
"5956",9
"5957",6
"5958",9
"5959",1
"5960",9
"5961",9
"5962",1
"5963",9
"5964",6
"5965",9
"5966",9
"5967",1
"5968",1
"5969",9
"5970",3
"5971",3
"5972",9
"5973",6
"5974",7
"5975",3
"5976",9
"5977",1
"5978",6
"5979",9
"5980",1
"5981",9
"5982",6
"5983",3
"5984",3
"5985",9
"5986",3
"5987",3
"5988",9
"5989",6
"5990",6
"5991",6
"5992",6
"5993",6
"5994",6
"5995",6
"5996",6
"5997",6
"5998",6
"5999",3
"6000",9
"6001",6
"6002",6
"6003",1
"6004",6
"6005",3
"6006",9
"6007",6
"6008",9
"6009",10
"6010",3
"6011",9
"6012",9
"6013",1
"6014",9
"6015",3
"6016",9
"6017",6
"6018",6
"6019",3
"6020",9
"6021",6
"6022",6
"6023",3
"6024",9
"6025",9
"6026",9
"6027",3
"6028",3
"6029",1
"6030",9
"6031",3
"6032",3
"6033",1
"6034",6
"6035",1
"6036",9
"6037",1
"6038",1
"6039",9
"6040",9
"6041",9
"6042",9
"6043",1
"6044",9
"6045",9
"6046",6
"6047",9
"6048",5
"6049",5
"6050",5
"6051",5
"6052",5
"6053",5
"6054",5
"6055",5
"6056",5
"6057",5
"6058",5
"6059",5
"6060",5
"6061",5
"6062",5
"6063",5
"6064",5
"6065",5
"6066",5
"6067",4
"6068",5
"6069",5
"6070",5
"6071",5
"6072",5
"6073",5
"6074",5
"6075",5
"6076",4
"6077",5
"6078",5
"6079",5
"6080",5
"6081",5
"6082",5
"6083",5
"6084",5
"6085",5
"6086",5
"6087",5
"6088",5
"6089",4
"6090",5
"6091",5
"6092",5
"6093",5
"6094",5
"6095",5
"6096",5
"6097",5
"6098",5
"6099",5
"6100",5
"6101",5
"6102",5
"6103",5
"6104",5
"6105",5
"6106",5
"6107",5
"6108",5
"6109",5
"6110",5
"6111",5
"6112",5
"6113",5
"6114",5
"6115",5
"6116",5
"6117",4
"6118",5
"6119",5
"6120",5
"6121",5
"6122",5
"6123",5
"6124",7
"6125",5
"6126",5
"6127",5
"6128",5
"6129",5
"6130",5
"6131",5
"6132",5
"6133",5
"6134",5
"6135",5
"6136",5
"6137",5
"6138",4
"6139",5
"6140",5
"6141",5
"6142",4
"6143",5
"6144",5
"6145",5
"6146",5
"6147",5
"6148",5
"6149",5
"6150",5
"6151",5
"6152",5
"6153",5
"6154",5
"6155",5
"6156",5
"6157",5
"6158",5
"6159",5
"6160",5
"6161",5
"6162",5
"6163",5
"6164",5
"6165",5
"6166",5
"6167",5
"6168",5
"6169",5
"6170",5
"6171",7
"6172",5
"6173",5
"6174",5
"6175",5
"6176",5
"6177",5
"6178",5
"6179",5
"6180",5
"6181",5
"6182",5
"6183",5
"6184",5
"6185",5
"6186",4
"6187",5
"6188",5
"6189",5
"6190",5
"6191",5
"6192",5
"6193",5
"6194",5
"6195",5
"6196",5
"6197",4
"6198",5
"6199",4
"6200",5
"6201",5
"6202",5
"6203",5
"6204",5
"6205",5
"6206",5
"6207",5
"6208",5
"6209",5
"6210",5
"6211",5
"6212",5
"6213",5
"6214",5
"6215",5
"6216",5
"6217",5
"6218",5
"6219",5
"6220",4
"6221",5
"6222",5
"6223",5
"6224",5
"6225",5
"6226",5
"6227",5
"6228",5
"6229",5
"6230",5
"6231",5
"6232",5
"6233",4
"6234",5
"6235",5
"6236",4
"6237",5
"6238",5
"6239",4
"6240",5
"6241",5
"6242",4
"6243",5
"6244",5
"6245",5
"6246",4
"6247",5
"6248",4
"6249",4
"6250",4
"6251",5
"6252",5
"6253",5
"6254",4
"6255",4
"6256",5
"6257",5
"6258",5
"6259",5
"6260",5
"6261",5
"6262",5
"6263",5
"6264",5
"6265",5
"6266",7
"6267",5
"6268",5
"6269",5
"6270",5
"6271",5
"6272",5
"6273",5
"6274",5
"6275",5
"6276",5
"6277",5
"6278",5
"6279",4
"6280",4
"6281",5
"6282",5
"6283",5
"6284",5
"6285",5
"6286",5
"6287",5
"6288",5
"6289",5
"6290",5
"6291",5
"6292",5
"6293",5
"6294",5
"6295",5
"6296",5
"6297",5
"6298",5
"6299",5
"6300",5
"6301",5
"6302",5
"6303",4
"6304",5
"6305",5
"6306",4
"6307",5
"6308",5
"6309",5
"6310",5
"6311",4
"6312",5
"6313",5
"6314",5
"6315",5
"6316",4
"6317",5
"6318",5
"6319",5
"6320",5
"6321",5
"6322",5
"6323",5
"6324",5
"6325",5
"6326",5
"6327",5
"6328",5
"6329",5
"6330",5
"6331",5
"6332",4
"6333",5
"6334",5
"6335",5
"6336",5
"6337",5
"6338",5
"6339",5
"6340",5
"6341",5
"6342",5
"6343",5
"6344",5
"6345",5
"6346",5
"6347",5
"6348",5
"6349",5
"6350",5
"6351",5
"6352",5
"6353",4
"6354",5
"6355",5
"6356",5
"6357",5
"6358",4
"6359",5
"6360",5
"6361",5
"6362",5
"6363",5
"6364",5
"6365",5
"6366",5
"6367",5
"6368",5
"6369",5
"6370",5
"6371",5
"6372",4
"6373",4
"6374",5
"6375",5
"6376",5
"6377",5
"6378",5
"6379",5
"6380",5
"6381",5
"6382",5
"6383",5
"6384",5
"6385",5
"6386",5
"6387",7
"6388",4
"6389",5
"6390",5
"6391",5
"6392",5
"6393",5
"6394",5
"6395",5
"6396",5
"6397",5
"6398",5
"6399",5
"6400",4
"6401",4
"6402",5
"6403",5
"6404",5
"6405",5
"6406",5
"6407",5
"6408",5
"6409",5
"6410",5
"6411",5
"6412",5
"6413",5
"6414",5
"6415",5
"6416",5
"6417",5
"6418",5
"6419",5
"6420",5
"6421",5
"6422",5
"6423",5
"6424",4
"6425",4
"6426",5
"6427",4
"6428",4
"6429",4
"6430",4
"6431",5
"6432",4
"6433",1
"6434",4
"6435",5
"6436",4
"6437",4
"6438",4
"6439",4
"6440",5
"6441",4
"6442",4
"6443",4
"6444",4
"6445",5
"6446",4
"6447",4
"6448",4
"6449",4
"6450",4
"6451",4
"6452",5
"6453",4
"6454",4
"6455",4
"6456",4
"6457",4
"6458",4
"6459",4
"6460",4
"6461",4
"6462",4
"6463",4
"6464",4
"6465",4
"6466",4
"6467",4
"6468",4
"6469",4
"6470",4
"6471",4
"6472",4
"6473",4
"6474",4
"6475",4
"6476",4
"6477",4
"6478",4
"6479",4
"6480",4
"6481",4
"6482",4
"6483",4
"6484",4
"6485",4
"6486",4
"6487",4
"6488",4
"6489",4
"6490",4
"6491",4
"6492",9
"6493",3
"6494",3
"6495",3
"6496",3
"6497",9
"6498",3
"6499",3
"6500",3
"6501",12
"6502",9
"6503",3
"6504",3
"6505",3
"6506",3
"6507",3
"6508",3
"6509",3
"6510",12
"6511",3
"6512",3
"6513",3
"6514",9
"6515",3
"6516",3
"6517",9
"6518",3
"6519",9
"6520",3
"6521",3
"6522",3
"6523",3
"6524",1
"6525",6
"6526",3
"6527",9
"6528",9
"6529",3
"6530",3
"6531",3
"6532",3
"6533",3
"6534",3
"6535",9
"6536",3
"6537",3
"6538",14
"6539",14
"6540",14
"6541",14
"6542",14
"6543",14
"6544",14
"6545",14
"6546",14
"6547",14
"6548",14
"6549",14
"6550",14
"6551",14
"6552",14
"6553",14
"6554",14
"6555",14
"6556",14
"6557",14
"6558",14
"6559",14
"6560",14
"6561",14
"6562",14
"6563",14
"6564",14
"6565",14
"6566",14
"6567",14
"6568",14
"6569",14
"6570",14
"6571",14
"6572",14
"6573",14
"6574",14
"6575",14
"6576",14
"6577",14
"6578",14
"6579",14
"6580",14
"6581",14
"6582",14
"6583",14
"6584",14
"6585",14
"6586",14
"6587",14
"6588",14
"6589",7
"6590",14
"6591",14
"6592",14
"6593",14
"6594",14
"6595",14
"6596",14
"6597",14
"6598",14
"6599",14
"6600",14
"6601",14
"6602",14
"6603",14
"6604",6
"6605",3
"6606",3
"6607",9
"6608",3
"6609",3
"6610",9
"6611",6
"6612",3
"6613",3
"6614",12
"6615",3
"6616",3
"6617",3
"6618",6
"6619",6
"6620",6
"6621",3
"6622",3
"6623",9
"6624",1
"6625",6
"6626",3
"6627",3
"6628",1
"6629",9
"6630",3
"6631",6
"6632",1
"6633",1
"6634",1
"6635",3
"6636",3
"6637",9
"6638",3
"6639",6
"6640",1
"6641",3
"6642",3
"6643",1
"6644",6
"6645",1
"6646",3
"6647",3
"6648",7
"6649",6
"6650",3
"6651",3
"6652",1
"6653",1
"6654",3
"6655",6
"6656",3
"6657",4
"6658",4
"6659",4
"6660",4
"6661",4
"6662",4
"6663",8
"6664",8
"6665",8
"6666",8
"6667",8
"6668",8
"6669",8
"6670",8
"6671",2
"6672",8
"6673",8
"6674",8
"6675",2
"6676",8
"6677",8
"6678",10
"6679",8
"6680",7
"6681",7
"6682",7
"6683",7
"6684",2
"6685",7
"6686",8
"6687",8
"6688",8
"6689",8
"6690",2
"6691",8
"6692",8
"6693",8
"6694",8
"6695",8
"6696",8
"6697",7
"6698",8
"6699",8
"6700",8
"6701",8
"6702",8
"6703",8
"6704",2
"6705",7
"6706",8
"6707",7
"6708",8
"6709",7
"6710",7
"6711",7
"6712",7
"6713",13
"6714",13
"6715",13
"6716",14
"6717",14
"6718",14
"6719",14
"6720",14
"6721",12
"6722",14
"6723",14
"6724",14
"6725",14
"6726",14
"6727",14
"6728",14
"6729",1
"6730",9
"6731",2
"6732",13
"6733",3
"6734",9
"6735",13
"6736",9
"6737",9
"6738",13
"6739",9
"6740",9
"6741",1
"6742",6
"6743",9
"6744",9
"6745",9
"6746",6
"6747",9
"6748",9
"6749",6
"6750",6
"6751",6
"6752",9
"6753",13
"6754",13
"6755",13
"6756",13
"6757",11
"6758",7
"6759",7
"6760",7
"6761",14
"6762",14
"6763",14
"6764",14
"6765",14
"6766",14
"6767",14
"6768",14
"6769",14
"6770",14
"6771",14
"6772",14
"6773",14
"6774",14
"6775",14
"6776",14
"6777",14
"6778",14
"6779",14
"6780",14
"6781",14
"6782",14
"6783",14
"6784",14
"6785",14
"6786",14
"6787",14
"6788",14
"6789",14
"6790",14
"6791",14
"6792",14
"6793",14
"6794",14
"6795",14
"6796",14
"6797",14
"6798",14
"6799",14
"6800",14
"6801",14
"6802",14
"6803",14
"6804",14
"6805",14
"6806",14
"6807",14
"6808",14
"6809",14
"6810",14
"6811",14
"6812",14
"6813",14
"6814",14
"6815",14
"6816",14
"6817",14
"6818",14
"6819",14
"6820",14
"6821",14
"6822",14
"6823",14
"6824",14
"6825",14
"6826",14
"6827",14
"6828",14
"6829",14
"6830",14
"6831",14
"6832",14
"6833",14
"6834",14
"6835",14
"6836",14
"6837",14
"6838",14
"6839",14
"6840",14
"6841",14
"6842",14
"6843",14
"6844",14
"6845",14
"6846",14
"6847",14
"6848",14
"6849",14
"6850",14
"6851",14
"6852",14
"6853",14
"6854",14
"6855",14
"6856",14
"6857",14
"6858",14
"6859",14
"6860",14
"6861",14
"6862",7
"6863",7
"6864",2
"6865",2
"6866",7
"6867",7
"6868",2
"6869",2
"6870",2
"6871",2
"6872",2
"6873",2
"6874",2
"6875",2
"6876",8
"6877",8
"6878",2
"6879",2
"6880",2
"6881",2
"6882",2
"6883",2
"6884",8
"6885",8
"6886",8
"6887",8
"6888",8
"6889",8
"6890",8
"6891",8
"6892",8
"6893",8
"6894",8
"6895",11
"6896",11
"6897",8
"6898",11
"6899",8
"6900",8
"6901",8
"6902",6
"6903",8
"6904",8
"6905",8
"6906",8
"6907",8
"6908",8
"6909",2
"6910",1
"6911",8
"6912",8
"6913",8
"6914",8
"6915",8
"6916",8
"6917",3
"6918",3
"6919",8
"6920",8
"6921",8
"6922",8
"6923",1
"6924",1
"6925",1
"6926",1
"6927",1
"6928",1
"6929",8
"6930",8
"6931",8
"6932",8
"6933",9
"6934",9
"6935",8
"6936",8
"6937",9
"6938",1
"6939",3
"6940",1
"6941",1
"6942",6
"6943",6
"6944",4
"6945",1
"6946",10
"6947",13
"6948",13
"6949",9
"6950",1
"6951",1
"6952",13
"6953",10
"6954",1
"6955",1
"6956",1
"6957",1
"6958",1
"6959",9
"6960",6
"6961",6
"6962",4
"6963",10
"6964",10
"6965",4
"6966",6
"6967",4
"6968",1
"6969",1
"6970",13
"6971",1
"6972",4
"6973",6
"6974",4
"6975",1
"6976",4
"6977",1
"6978",13
"6979",13
"6980",4
"6981",2
"6982",1
"6983",1
"6984",1
"6985",1
"6986",1
"6987",1
"6988",1
"6989",1
"6990",1
"6991",1
"6992",1
"6993",1
"6994",1
"6995",1
"6996",1
"6997",1
"6998",2
"6999",10
"7000",1
"7001",9
"7002",1
"7003",1
"7004",1
"7005",1
"7006",1
"7007",1
"7008",6
"7009",9
"7010",3
"7011",10
"7012",3
"7013",1
"7014",6
"7015",1
"7016",7
"7017",3
"7018",1
"7019",6
"7020",6
"7021",6
"7022",8
"7023",10
"7024",10
"7025",10
"7026",10
"7027",10
"7028",9
"7029",6
"7030",9
"7031",10
"7032",11
"7033",10
"7034",11
"7035",10
"7036",13
"7037",11
"7038",1
"7039",10
"7040",10
"7041",10
"7042",10
"7043",4
"7044",1
"7045",4
"7046",4
"7047",4
"7048",4
"7049",4
"7050",1
"7051",4
"7052",4
"7053",4
"7054",3
"7055",3
"7056",4
"7057",1
"7058",4
"7059",7
"7060",4
"7061",3
"7062",3
"7063",4
"7064",4
"7065",4
"7066",6
"7067",4
"7068",8
"7069",6
"7070",3
"7071",6
"7072",3
"7073",3
"7074",1
"7075",3
"7076",4
"7077",3
"7078",6
"7079",4
"7080",4
"7081",4
"7082",4
"7083",4
"7084",4
"7085",6
"7086",3
"7087",3
"7088",3
"7089",3
"7090",6
"7091",6
"7092",4
"7093",6
"7094",4
"7095",4
"7096",6
"7097",4
"7098",4
"7099",4
"7100",4
"7101",4
"7102",3
"7103",3
"7104",6
"7105",4
"7106",4
"7107",3
"7108",3
